-- phpMyAdmin SQL Dump
-- version 4.1.12
-- http://www.phpmyadmin.net
--
-- Host: 127.0.0.1
-- Generation Time: 16 Apr 2016 pada 10.14
-- Versi Server: 5.6.16
-- PHP Version: 5.5.11

SET SQL_MODE = "NO_AUTO_VALUE_ON_ZERO";
SET time_zone = "+00:00";


/*!40101 SET @OLD_CHARACTER_SET_CLIENT=@@CHARACTER_SET_CLIENT */;
/*!40101 SET @OLD_CHARACTER_SET_RESULTS=@@CHARACTER_SET_RESULTS */;
/*!40101 SET @OLD_COLLATION_CONNECTION=@@COLLATION_CONNECTION */;
/*!40101 SET NAMES utf8 */;

--
-- Database: `db_aksesoris_hp`
--
CREATE DATABASE IF NOT EXISTS `db_aksesoris_hp` DEFAULT CHARACTER SET latin1 COLLATE latin1_swedish_ci;
USE `db_aksesoris_hp`;

-- --------------------------------------------------------

--
-- Struktur dari tabel `barang`
--

CREATE TABLE IF NOT EXISTS `barang` (
  `kode` varchar(25) NOT NULL,
  `nama_barang` varchar(255) NOT NULL,
  `tipe` varchar(255) NOT NULL,
  `harga_modal` int(11) NOT NULL,
  PRIMARY KEY (`kode`)
) ENGINE=InnoDB DEFAULT CHARSET=latin1;

--
-- Dumping data untuk tabel `barang`
--

INSERT INTO `barang` (`kode`, `nama_barang`, `tipe`, `harga_modal`) VALUES
('A0001', 'PB 10000 MAH 103', 'POWERBANK ADVAN\r\n', 120000),
('A0002', 'M 680 BT', 'SPEAKER\r\n', 0),
('A0003', 'M 280', 'SPEAKER\r\n', 0),
('A0004', 'TC SAMSUNG 2USB NOTE', 'Charger\r\n', 0),
('A01', 'TC ADSS USB G30', 'Charger\r\n', 5250),
('A02', 'TC ADSS USB G900', 'Charger\r\n', 5250),
('A03', 'TC ADSS USB H888', 'Charger\r\n', 5250),
('A04', 'TC ADSS USB 6101', 'Charger\r\n', 5250),
('A05', 'TC ADSS DUS N70', 'Charger\r\n', 6750),
('A06', 'TC ADSS DUS 6500', 'Charger\r\n', 6750),
('A07', 'TC ADSS DUS 7210', 'Charger\r\n', 6500),
('A09', 'TC ADSS DUS D880', 'Charger\r\n', 6500),
('A10', 'TC ADSS DUS K750', 'Charger\r\n', 6500),
('A100', 'I8530/ BEAM', 'BATERAI SAMSUNG STRENGHT\r\n', 40000),
('A101', 'I9070/ ADVANCE', 'BATERAI SAMSUNG STRENGHT\r\n', 40000),
('A102', 'I9000/ S1', 'BATERAI SAMSUNG STRENGHT\r\n', 40000),
('A103', 'I9100/ S2', 'BATERAI SAMSUNG STRENGHT\r\n', 40000),
('A104', 'G360/ CORE PRIME', 'BATERAI SAMSUNG STRENGHT', 50000),
('A105', 'G313/ GAL V', 'BATERAI SAMSUNG STRENGHT\r\n', 50000),
('A106', 'S5308/ GAL PRIME', 'BATERAI SAMSUNG STRENGHT', 50000),
('A107', 'I8150/ WONDER', 'BATERAI SAMSUNG STRENGHT\r\n', 50000),
('A108', 'G3812/ WIN.PRO', 'BATERAI SAMSUNG STRENGHT\r\n', 50000),
('A109', 'G8508/ ALPHA', 'BATERAI SAMSUNG STRENGHT', 65000),
('A11', 'TC N95', 'Charger\r\n', 5500),
('A110', 'G335H/ CORE 2', 'BATERAI SAMSUNG STRENGHT\r\n', 65000),
('A111', 'I8160/ ACE 2', 'BATERAI SAMSUNG STRENGHT', 65000),
('A112', 'I8262/ CORE 1', 'BATERAI SAMSUNG STRENGHT', 65000),
('A113', 'G350/ GAL CORE PLUS', 'BATERAI SAMSUNG STRENGHT', 65000),
('A114', 'I9082/ GRAND 1', 'BATERAI SAMSUNG STRENGHT\r\n', 65000),
('A115', 'G7106/ GRAND 2', 'BATERAI SAMSUNG STRENGHT', 65000),
('A116', 'I9060/ GRAND NEO', 'BATERAI SAMSUNG STRENGHT', 65000),
('A117', 'I9220/ N7000/ NOTE 1', 'BATERAI SAMSUNG STRENGHT', 65000),
('A118', 'I9250/ NEXUS', 'BATERAI SAMSUNG STRENGHT', 65000),
('A119', 'I9300/ S3', 'BATERAI SAMSUNG STRENGHT\r\n', 65000),
('A12', 'TC 19000', 'Charger\r\n', 4750),
('A120', 'N7100/ NOTE 2', 'BATERAI SAMSUNG STRENGHT\r\n', 65000),
('A121', 'N9000/ NOTE 3', 'BATERAI SAMSUNG STRENGHT\r\n', 80000),
('A122', 'N9100/ NOTE 4', 'BATERAI SAMSUNG STRENGHT\r\n', 80000),
('A123', 'I9500/ S4', 'BATERAI SAMSUNG STRENGHT', 80000),
('A124', 'I9190/ S4 MINI', 'BATERAI SAMSUNG STRENGHT', 80000),
('A125', 'I9600/ S5', 'BATERAI SAMSUNG STRENGHT', 100000),
('A126', 'A3', 'BATERAI SAMSUNG STRENGHT', 120000),
('A127', 'A5', 'BATERAI SAMSUNG STRENGHT', 110000),
('A128', 'A7', 'BATERAI SAMSUNG STRENGHT', 120000),
('A129', 'S6', 'BATERAI SAMSUNG STRENGHT', 130000),
('A13', 'TC BB CREATOR', 'Charger\r\n', 9500),
('A130', 'S6 EDGE ', 'BATERAI SAMSUNG STRENGHT', 115000),
('A131', 'J1', 'BATERAI SAMSUNG STRENGHT', 65000),
('A132', 'J1 ACE', 'BATERAI SAMSUNG STRENGHT', 65000),
('A133', 'J2', 'BATERAI SAMSUNG STRENGHT', 65000),
('A134', 'J3', 'BATERAI SAMSUNG STRENGHT', 65000),
('A135', 'J5', 'BATERAI SAMSUNG STRENGHT', 65000),
('A136', 'J7', 'BATERAI SAMSUNG STRENGHT', 65000),
('A137', 'G3815 CORE LTE', 'BATERAI SAMSUNG STRENGHT', 65000),
('A138', 'M95 GAL REVER', 'BATERAI SAMSUNG STRENGHT', 65000),
('A139', 'G5108/ CORE MAX', 'BATERAI SAMSUNG STRENGHT', 65000),
('A14', 'TC SAMSUNG CREATOR', 'Charger\r\n', 9500),
('A140', 'G7508/ MEGA 2', 'BATERAI SAMSUNG STRENGHT', 80000),
('A141', 'I9200/ MEGA 6', 'BATERAI SAMSUNG STRENGHT', 100000),
('A142', 'N9150', 'BATERAI SAMSUNG STRENGHT', 65000),
('A143', 'S4 ZOOM', 'BATERAI SAMSUNG STRENGHT', 65000),
('A144', 'P1000', 'BATERAI SAMSUNG STRENGHT', 130000),
('A145', 'P3100', 'BATERAI SAMSUNG STRENGHT', 130000),
('A146', 'P3200', 'BATERAI SAMSUNG STRENGHT', 130000),
('A147', 'MAX EXTRENE', 'BATERAI ANDROMAX STRENGHT\r\n', 45000),
('A148', 'MAX G2', 'BATERAI ANDROMAX STRENGHT\r\n', 45000),
('A149', 'MAX C', 'BATERAI ANDROMAX STRENGHT\r\n', 45000),
('A15', 'TC WARNA BATOK IPHONE ', 'Charger\r\n', 8500),
('A150', 'MAX C2', 'BATERAI ANDROMAX STRENGHT\r\n', 45000),
('A151', 'MAX C3', 'BATERAI ANDROMAX STRENGHT\r\n', 45000),
('A152', 'MAX Q 4G', 'BATERAI ANDROMAX STRENGHT\r\n', 45000),
('A153', 'MAX R 4G', 'BATERAI ANDROMAX STRENGHT\r\n', 45000),
('A154', 'MAX U', 'BATERAI ANDROMAX STRENGHT\r\n', 45000),
('A155', 'MAX U2', 'BATERAI ANDROMAX STRENGHT\r\n', 45000),
('A156', 'MAX I', 'BATERAI ANDROMAX STRENGHT\r\n', 45000),
('A157', 'MAX I3', 'BATERAI ANDROMAX STRENGHT\r\n', 45000),
('A158', 'MAX I3S', 'BATERAI ANDROMAX STRENGHT\r\n', 45000),
('A159', 'MAX E', 'BATERAI ANDROMAX STRENGHT\r\n', 45000),
('A16', 'TC SAMSUNG 2A', 'Charger\r\n', 12000),
('A160', 'MAX EC/ ES 4G', 'BATERAI ANDROMAX STRENGHT\r\n', 45000),
('A161', 'MAX J', 'BATERAI ANDROMAX STRENGHT\r\n', 45000),
('A162', 'MAX Mifi M2P/M2Y', 'BATERAI ANDROMAX STRENGHT\r\n', 45000),
('A163', 'MAX V', 'BATERAI ANDROMAX STRENGHT\r\n', 45000),
('A164', 'MAX V2', 'BATERAI ANDROMAX STRENGHT\r\n', 45000),
('A165', 'MAX Z', 'BATERAI ANDROMAX STRENGHT\r\n', 45000),
('A166', 'ADVANCE S3', 'BATERAI ADVAN SRENGHT\r\n', 50000),
('A167', 'ADVANCE S3 (3501)', 'BATERAI ADVAN SRENGHT\r\n', 50000),
('A168', 'ADVANCE S3A', 'BATERAI ADVAN SRENGHT\r\n', 50000),
('A169', 'ADVANCE S3C', 'BATERAI ADVAN SRENGHT\r\n', 50000),
('A17', 'TC IPHONE 4', 'Charger\r\n', 11000),
('A170', 'ADVANCE S4', 'BATERAI ADVAN SRENGHT\r\n', 50000),
('A171', 'ADVANCE S4C', 'BATERAI ADVAN SRENGHT\r\n', 50000),
('A172', 'ADVANCE S4D', 'BATERAI ADVAN SRENGHT\r\n', 50000),
('A173', 'ADVANCE S4E', 'BATERAI ADVAN SRENGHT\r\n', 50000),
('A174', 'ADVANCE S5', 'BATERAI ADVAN SRENGHT\r\n', 50000),
('A175', 'ADVANCE S5E', 'BATERAI ADVAN SRENGHT\r\n', 50000),
('A176', 'ADVANCE S5H', 'BATERAI ADVAN SRENGHT\r\n', 50000),
('A177', 'ADVANCE S5F', 'BATERAI ADVAN SRENGHT\r\n', 50000),
('A178', 'ADVANCE S5I', 'BATERAI ADVAN SRENGHT\r\n', 50000),
('A179', 'ADVANCE S4J', 'BATERAI ADVAN SRENGHT\r\n', 50000),
('A18', 'TC IPHONE 5', 'Charger\r\n', 14000),
('A180', 'ADVANCE S5J', 'BATERAI ADVAN SRENGHT\r\n', 50000),
('A181', 'ADVANCE S5K', 'BATERAI ADVAN SRENGHT\r\n', 50000),
('A182', 'ADVANCE S4A', 'BATERAI ADVAN SRENGHT\r\n', 50000),
('A183', 'ADVANCE S5P', 'BATERAI ADVAN SRENGHT\r\n', 50000),
('A184', 'BL-169/ A789/ P70/ P800/ S560', 'BATERAI LENOVO STRENGHT \r\n', 50000),
('A185', 'BL-171/ A390/ A356/ A368/ A60/ A65', 'BATERAI LENOVO STRENGHT \r\n', 50000),
('A186', 'BL-189/ K800', 'BATERAI LENOVO STRENGHT \r\n', 50000),
('A187', 'BL-192/A590/A750/A300/A529/A680', 'BATERAI LENOVO STRENGHT \r\n', 50000),
('A188', 'BL-194/A288T/A298T/A660/A690', 'BATERAI LENOVO STRENGHT \r\n', 50000),
('A189', 'BL-196/P700', 'BATERAI LENOVO STRENGHT \r\n', 50000),
('A19', 'TC CROSS', 'Charger\r\n', 8500),
('A190', 'BL-197/A800/S868T/S750/A789', 'BATERAI LENOVO STRENGHT \r\n', 50000),
('A191', 'BL-198/K860/S880/S890', 'BATERAI LENOVO STRENGHT \r\n', 50000),
('A192', 'BL-203/A369/A308T/A278/A66', 'BATERAI LENOVO STRENGHT \r\n', 50000),
('A193', 'BL-208/S920', 'BATERAI LENOVO STRENGHT \r\n', 50000),
('A194', 'BL-210/A656/S650/P770/S820/A770', 'BATERAI LENOVO STRENGHT \r\n', 50000),
('A195', 'BL-212/A708T/S898T/A708/A628T', 'BATERAI LENOVO STRENGHT \r\n', 50000),
('A196', 'BL-214/A316/A269/A208T/A218T', 'BATERAI LENOVO STRENGHT \r\n', 50000),
('A197', 'BL-219/A880/A889/S810T', 'BATERAI LENOVO STRENGHT \r\n', 50000),
('A198', 'BL-222/S660/S668', 'BATERAI LENOVO STRENGHT \r\n', 50000),
('A199', 'BM20/2S', 'BATERAI XIAOMI STRENGHT\r\n', 50000),
('A20', 'TC FC', 'Charger\r\n', 7000),
('A200', 'BM41/REDMI-1S', 'BATERAI XIAOMI STRENGHT\r\n', 50000),
('A201', 'BM42/REDMI-NOTE', 'BATERAI XIAOMI STRENGHT\r\n', 50000),
('A202', 'BM31/Mi3', 'BATERAI XIAOMI STRENGHT\r\n', 80000),
('A203', 'ZENFONE C', 'BATERAI ASUS/ZENPHONE STRENGHT\r\n', 50000),
('A204', 'ZENFONE 4', 'BATERAI ASUS/ZENPHONE STRENGHT\r\n', 50000),
('A205', 'ZENFONE 5', 'BATERAI ASUS/ZENPHONE STRENGHT\r\n', 80000),
('A206', 'ZENFONE 6', 'BATERAI ASUS/ZENPHONE STRENGHT\r\n', 80000),
('A207', 'ZENFONE 2 LASER5"', 'BATERAI ASUS/ZENPHONE STRENGHT\r\n', 80000),
('A208', 'IPHONE 4G', 'BATERAI IPHONE/APPLE STRENGHT\r\n', 80000),
('A209', 'IPHONE 4S', 'BATERAI IPHONE/APPLE STRENGHT\r\n', 80000),
('A21', 'BATOK PB', 'Charger\r\n', 4000),
('A210', 'IPHONE 5S', 'BATERAI IPHONE/APPLE STRENGHT\r\n', 80000),
('A211', 'IPHONE 5G', 'BATERAI IPHONE/APPLE STRENGHT\r\n', 80000),
('A212', 'OPPO BLT-565/ R2001/ R829', 'BATERAI OPPO STRENGHT\r\n', 50000),
('A213', 'OPPO BLP-519/ U701/ R817T/ R813', 'BATERAI OPPO STRENGHT\r\n', 50000),
('A214', 'OPPO BLT-027/ R831/ R805', 'BATERAI OPPO STRENGHT\r\n', 50000),
('A215', 'OPPO BLT-029/ R815/ R821', 'BATERAI OPPO STRENGHT\r\n', 50000),
('A216', 'NOTE 4 REPLIKA', 'BATERAI SAM REPLIKA STRENGHT\r\n', 45000),
('A217', 'NOTE 3 REPLIKA', 'BATERAI SAM REPLIKA STRENGHT\r\n', 45000),
('A218', 'S4 REPLIKA', 'BATERAI SAM REPLIKA STRENGHT\r\n', 45000),
('A219', 'S5 REPLIKA', 'BATERAI SAM REPLIKA STRENGHT\r\n', 55000),
('A22', 'TC NOTE 2USB', 'Charger\r\n', 25000),
('A220', '4B', 'BATERAI NOKIA ADSS 2IC\r\n', 19000),
('A221', '4C', 'BATERAI NOKIA ADSS 2IC\r\n', 19000),
('A222', '4CT', 'BATERAI NOKIA ADSS 2IC\r\n', 19000),
('A223', '4D', 'BATERAI NOKIA ADSS 2IC\r\n', 19000),
('A224', '4J', 'BATERAI NOKIA ADSS 2IC', 19000),
('A225', '4L', 'BATERAI NOKIA ADSS 2IC\r\n', 19000),
('A226', '4U', 'BATERAI NOKIA ADSS 2IC\r\n', 23000),
('A227', '4S', 'BATERAI NOKIA ADSS 2IC\r\n', 19000),
('A228', '5B', 'BATERAI NOKIA ADSS 2IC\r\n', 23000),
('A229', '5BT', 'BATERAI NOKIA ADSS 2IC', 19000),
('A23', 'TC ALL BRAND', 'Charger\r\n', 12500),
('A230', '5C', 'BATERAI NOKIA ADSS 2IC\r\n', 19000),
('A231', '5CA', 'BATERAI NOKIA ADSS 2IC', 19000),
('A232', '5CT', 'BATERAI NOKIA ADSS 2IC', 19000),
('A233', '5F', 'BATERAI NOKIA ADSS 2IC\r\n', 19000),
('A234', '5J', 'BATERAI NOKIA ADSS 2IC\r\n', 19000),
('A235', '5K', 'BATERAI NOKIA ADSS 2IC\r\n', 19000),
('A236', '5M', 'BATERAI NOKIA ADSS 2IC\r\n', 19000),
('A237', '6F', 'BATERAI NOKIA ADSS 2IC\r\n', 19000),
('A238', '6M', 'BATERAI NOKIA ADSS 2IC\r\n', 19000),
('A239', '6MT', 'BATERAI NOKIA ADSS 2IC\r\n', 19000),
('A24', 'TC FC ALL BRAND', 'Charger\r\n', 12500),
('A240', '6P', 'BATERAI NOKIA ADSS 2IC\r\n', 19000),
('A241', 'BN-01 (NOKIA X)', 'BATERAI NOKIA ADSS 2IC', 21000),
('A242', 'BN-02 (NOKIA XL)', 'BATERAI NOKIA ADSS 2IC', 35000),
('A243', '4UL (NOKIA 225)', 'BATERAI NOKIA ADSS 2IC', 35000),
('A244', 'BST 33', 'BATERAI SONY ADSS 2IC\r\n', 19000),
('A245', 'BST 36', 'BATERAI SONY ADSS 2IC\r\n', 19000),
('A246', 'BST 37', 'BATERAI SONY ADSS 2IC\r\n', 19000),
('A247', 'S3A', 'BATERAI ADVAN ADSS 2IC', 40000),
('A248', 'S3C', 'BATERAI ADVAN ADSS 2IC', 40000),
('A249', 'S4A', 'BATERAI ADVAN ADSS 2IC', 40000),
('A25', 'SERVER', 'Charger\r\n', 12000),
('A250', 'S4C', 'BATERAI ADVAN ADSS 2IC', 40000),
('A251', 'S4E', 'BATERAI ADVAN ADSS 2IC', 40000),
('A252', 'S4D', 'BATERAI ADVAN ADSS 2IC', 40000),
('A253', 'S4 +', 'BATERAI ADVAN ADSS 2IC', 40000),
('A254', 'S5E', 'BATERAI ADVAN ADSS 2IC', 40000),
('A255', 'S5H', 'BATERAI ADVAN ADSS 2IC', 40000),
('A256', 'S5J', 'BATERAI ADVAN ADSS 2IC', 40000),
('A257', 'MAX C', 'BATERAI ANDROMAX ADSS 2IC\r\n', 40000),
('A258', 'MAX C2/ G', 'BATERAI ANDROMAX ADSS 2IC\r\n', 40000),
('A259', 'CS 2', 'BATERAI BB ADSS 2IC\r\n', 30000),
('A26', 'AG BENING7"', 'ANTI GORES\r\n', 1000),
('A260', 'DX 1', 'BATERAI BB ADSS 2IC', 30000),
('A261', 'MS 1', 'BATERAI BB ADSS 2IC\r\n', 35000),
('A262', 'FS 1', 'BATERAI BB ADSS 2IC', 60000),
('A263', ' EM 1', 'BATERAI BB ADSS 2IC', 70000),
('A264', 'JM 1', 'BATERAI BB ADSS 2IC', 70000),
('A265', 'JS 1', 'BATERAI BB ADSS 2IC', 75000),
('A266', 'A6000', 'BATERAI LENOVO ADSS 2IC', 40000),
('A267', 'A7000', 'BATERAI LENOVO ADSS 2IC', 40000),
('A268', 'R1001/ JOY', 'BATERAI OPPO ADSS 2IC', 40000),
('A269', 'R2001/ YOYO', 'BATERAI OPPO ADSS 2IC', 40000),
('A27', 'AG BENING 9"', 'ANTI GORES\r\n', 2500),
('A270', 'R831/ NEO', 'BATERAI OPPO ADSS 2IC', 40000),
('A271', 'BM41/REDMI-1S', 'BATERAI XIAOMI ADSS 2IC', 45000),
('A272', 'BM42/REDMI-NOTE', 'BATERAI XIAOMI ADSS 2IC', 45000),
('A273', 'B3210/ CORBY', 'BATERAI SAMSUNG ADSS 2IC\r\n', 25000),
('A274', 'C3303 /CHAMP', 'BATERAI SAMSUNG ADSS 2IC\r\n', 25000),
('A275', 'S5360/ YOUNG', 'BATERAI SAMSUNG ADSS 2IC\r\n', 25000),
('A276', 'C3322/ LAKOTA', 'BATERAI SAMSUNG ADSS 2IC\r\n', 25000),
('A277', 'S5282/ GAL STAR', 'BATERAI SAMSUNG ADSS 2IC\r\n', 30000),
('A278', 'S5570/ GAL MINI', 'BATERAI SAMSUNG ADSS 2IC\r\n', 30000),
('A279', 'S7270/ ACE 3', 'BATERAI SAMSUNG ADSS 2IC\r\n', 30000),
('A28', 'AG BENING 12"', 'ANTI GORES\r\n', 4500),
('A280', 'S5830/ ACE 1', 'BATERAI SAMSUNG ADSS 2IC', 30000),
('A281', 'S3850/ CORBY 2', 'BATERAI SAMSUNG ADSS 2IC', 30000),
('A282', 'B5330/ GAL CHAT', 'BATERAI SAMSUNG ADSS 2IC\r\n', 30000),
('A283', 'S6810/ GAL FAME', 'BATERAI SAMSUNG ADSS 2IC', 30000),
('A284', 'I8150/ WONDER', 'BATERAI SAMSUNG ADSS 2IC', 35000),
('A285', 'I8160/ ACE 2', 'BATERAI SAMSUNG ADSS 2IC\r\n', 40000),
('A286', 'I8190/ S3 MINI', 'BATERAI SAMSUNG ADSS 2IC', 40000),
('A287', 'I9000/ S1', 'BATERAI SAMSUNG ADSS 2IC', 40000),
('A288', 'I9100/ S2', 'BATERAI SAMSUNG ADSS 2IC', 40000),
('A289', 'G313H/ GAL V', 'BATERAI SAMSUNG ADSS 2IC\r\n', 40000),
('A29', 'AG BENING 14"', 'ANTI GORES\r\n', 5500),
('A290', 'I8262/ CORE 1', 'BATERAI SAMSUNG ADSS 2IC', 40000),
('A291', 'G355H/ CORE 2', 'BATERAI SAMSUNG ADSS 2IC', 40000),
('A292', 'G357/ ACESTYLE', 'BATERAI SAMSUNG ADSS 2IC', 40000),
('A293', 'G360/ CORE PRIME', 'BATERAI SAMSUNG ADSS 2IC', 40000),
('A294', 'G530/GRAND PRIME', 'BATERAI SAMSUNG ADSS 2IC', 40000),
('A295', 'G3568/CORD MINI', 'BATERAI SAMSUNG ADSS 2IC', 40000),
('A296', 'J1/J100', 'BATERAI SAMSUNG ADSS 2IC', 65000),
('A297', 'I9082/ GRAND 1', 'BATERAI SAMSUNG ADSS 2IC', 55000),
('A298', 'G7200/GRAND 3', 'BATERAI SAMSUNG ADSS 2IC', 55000),
('A299', 'I9220/ N7000/ NOTE 1', 'BATERAI SAMSUNG ADSS 2IC', 55000),
('A30', 'AG SPY 7"', 'ANTI GORES\r\n', 2000),
('A300', 'N7100/ NOTE 2', 'BATERAI SAMSUNG ADSS 2IC', 55000),
('A3000', 'AG SPY 6"', 'ANTI GORES\r\n', 2000),
('A301', 'I9300/ S3', 'BATERAI SAMSUNG ADSS 2IC', 55000),
('A302', 'I9500/ S4', 'BATERAI SAMSUNG ADSS 2IC', 55000),
('A303', 'S4 REPLIKA', 'BATERAI SAMSUNG ADSS 2IC\r\n', 44000),
('A304', 'S5 REPLIKA', 'BATERAI SAMSUNG ADSS 2IC\r\n', 44000),
('A305', 'NOTE 3 REPLIKA', 'BATERAI SAMSUNG ADSS 2IC\r\n', 44000),
('A306', 'NOT3 4 REPLIKA', 'BATERAI SAMSUNG ADSS 2IC', 45000),
('A307', 'BB 9900', 'BATERAI SAMSUNG ADSS 2IC\r\n', 0),
('A308', 'FS1/9800', 'BATERAI BB ADSS 2IC\r\n', 60000),
('A309', 'CR SAMSUNG1 SLOT', 'CARDREADER\r\n', 1900),
('A31', 'AG SPY 9"', 'ANTI GORES', 7000),
('A310', 'I9000/ S1', 'BATERAI SAMSUNG ADSS 2IC', 40000),
('A311', 'BB 9360', 'BATERAI SAMSUNG ADSS 2IC', 70000),
('A313', 'FS1/9800', 'BATERAI JASPAN ADSS 2IC', 60000),
('A314', 'S5570/ GAL MINI', 'BATERAI JASPAN ADSS 2IC\r\n', 35000),
('A315', 'I9000/ S1', 'BATERAI JASPAN ADSS 2IC', 40000),
('A316', 'BB 9360/EM1', 'BATERAI JASPAN ADSS 2IC\r\n', 70000),
('A317', 'BB 9800', 'BATERAI JASPAN ADSS 2IC', 30000),
('A318', '4C', 'BATERAI NOKIA ADSS GOLD\r\n', 6750),
('A319', '4D', 'BATERAI NOKIA ADSS GOLD\r\n', 6750),
('A32', '5C ', 'BATERAI NOKIA STRENGHT\r\n', 23000),
('A320', '4CT', 'BATERAI NOKIA ADSS GOLD\r\n', 6750),
('A321', '4J', 'BATERAI NOKIA ADSS GOLD', 6750),
('A322', '4L', 'BATERAI NOKIA ADSS GOLD\r\n', 6750),
('A323', '4S', 'BATERAI NOKIA ADSS GOLD', 6750),
('A324', '4U', 'BATERAI NOKIA ADSS GOLD', 6750),
('A325', '5BT', 'BATERAI NOKIA ADSS GOLD', 6750),
('A326', '5CT', 'BATERAI NOKIA ADSS GOLD', 6750),
('A327', '5F', 'BATERAI NOKIA ADSS GOLD', 6750),
('A328', '5K', 'BATERAI NOKIA ADSS GOLD', 6750),
('A329', '5M', 'BATERAI NOKIA ADSS GOLD', 6750),
('A33', '4C', 'BATERAI NOKIA STRENGHT\r\n', 23000),
('A330', '6F', 'BATERAI NOKIA ADSS GOLD', 6750),
('A330.', 'CR SAMSUNG 4 SLOT', 'CARDREADER\r\n', 3000),
('A331', '6M', 'BATERAI NOKIA ADSS GOLD\r\n', 6750),
('A332', '6P', 'BATERAI NOKIA ADSS GOLD', 6750),
('A333', '6C', 'BATERAI NOKIA ADSS GOLD', 6750),
('A334', '6MT', 'BATERAI NOKIA ADSS GOLD', 6750),
('A335', 'C3303 /CHAMP', 'BATERAI SAMSUNG ADSS GOLD', 6750),
('A336', 'S5360/ YOUNG', 'BATERAI SAMSUNG ADSS GOLD', 6750),
('A337', 'S6810/ GAL FAME', 'BATERAI SAMSUNG ADSS GOLD', 6750),
('A338', 'C2601', 'BATERAI SAMSUNG ADSS GOLD', 6750),
('A339', 'G900', 'BATERAI SAMSUNG ADSS GOLD', 6750),
('A34', '5B', 'BATERAI NOKIA STRENGHT\r\n', 23000),
('A340', 'BST 33', 'BATERAI SONY ADSS GOLD', 6750),
('A341', 'BST 36', 'BATERAI SONY ADSS GOLD', 6750),
('A342', 'BST 37', 'BATERAI SONY ADSS GOLD', 6750),
('A343', 'PB LED SAMSUNG 100.000Mah', 'POWERBANK', 67500),
('A344', 'PB LED ASUS 100000MAH', 'POWERBANK', 67500),
('A345', 'PB SAM 5000 A020A TRANS', 'POWERBANK\r\n', 13000),
('A346', 'PB MERK CHINA 5000 A028A TRANS', 'POWERBANK\r\n', 13000),
('A347', 'PB SAM 5000 A028A TRANS', 'POWERBANK\r\n', 13000),
('A348', 'PB SAM 13000 A022A TRANS', 'POWERBANK\r\n', 30000),
('A349', 'PB SAM 28000 AO18', 'POWERBANK', 50000),
('A35', '4B', 'BATERAI NOKIA STRENGHT\r\n', 23000),
('A350', 'PB SAM 98000 3 USB A036', 'POWERBANK', 62500),
('A351', 'PB SAM 88000 3 USB A037', 'POWERBANK', 62000),
('A352', 'PB SAM 88000 3 USB A035', 'POWERBANK', 62500),
('A353', 'PB SAM 88000 3 USB A026', 'POWERBANK', 65000),
('A354', 'PB SAM 99000 JO19 (62500)', 'POWERBANK', 62500),
('A355', 'PB SOLAR 88000MAH A032', 'POWERBANK\r\n', 55000),
('A356', 'PB SOLAR 100000MAH XL-3', 'POWERBANK\r\n', 55000),
('A357', 'PB SAM 68000 X847', 'POWERBANK', 40000),
('A358', 'PB SAM 88000 3 USB VG-03', 'POWERBANK', 60000),
('A359', 'PB SAM 168000 AVANGER', 'POWERBANK', 60000),
('A36', '4D', 'BATERAI NOKIA STRENGHT\r\n', 23000),
('A360', 'PB SAM 168000 X 853', 'POWERBANK', 60000),
('A361', 'PB SAM 168000 X 857', 'POWERBANK', 60000),
('A362', 'PB SAM 198000 X 861', 'POWERBANK', 65000),
('A363', 'PB SAM 198000 VG07', 'POWERBANK', 65000),
('A364', 'PB 36000', 'POWERBANK', 0),
('A365', 'PB SAM 185000', 'POWERBANK', 65000),
('A366', 'PB SOLAR 100000MAH XM 3', 'POWERBANK', 55000),
('A367', 'PB XIAOMI 38000 MAH K005', 'POWERBANK\r\n', 42500),
('A368', 'PB XIAOMI 38000MAH J9', 'POWERBANK\r\n', 35000),
('A369', 'PB SAM 5800MAH ', 'POWERBANK', 35000),
('A37', '4U', 'BATERAI NOKIA STRENGHT\r\n', 23000),
('A370', 'PB HELLO KITTY SLIM 50000MAH', 'POWERBANK', 36000),
('A371', 'PB XIAOMI SLIM 88000 XM-5', 'POWERBANK\r\n', 35000),
('A372', 'PB XIAOMI SLIM 12000 MB01 ', 'POWERBANK', 35000),
('A373', 'PB XIAOMI SLIM 120000 XM-6', 'POWERBANK', 45000),
('A374', 'PB ORI 99000 XIAOMI SLIM 10000MAH ', 'POWERBANK', 95000),
('A375', 'PB SLIM ASUS LENOVO 99000 METAL (39RB)', 'POWERBANK\r\n', 39000),
('A376', 'PB THINK BOX', 'POWERBANK', 45000),
('A377', 'PB ADSS 38000 AD-02', 'POWERBANK', 17000),
('A378', 'PB ADSS 58000 AD-03', 'POWERBANK', 32500),
('A379', 'PB ADSS 10000 AD-06', 'POWERBANK', 62500),
('A38', '4L', 'BATERAI NOKIA STRENGHT\r\n', 23000),
('A380', 'PB ADSS 25000 AD-01', 'POWERBANK', 625000),
('A381', 'PB JASPAN 68000 J001', 'POWERBANK', 85000),
('A382', 'PB JASPAN 8800 J002', 'POWERBANK', 105000),
('A383', 'HF ADSS MEGABASS N95 6500C', 'handsfree\r\n', 8500),
('A384', 'HF ADSS MEGABASS N95 BB', 'mmc\r\n', 8500),
('A385', 'HF ADSS MEGABASS N95 I9000', 'HEADSET', 8500),
('A386', 'HF ADSS MEGABASS N95 D880', 'HEADSET', 8500),
('A387', 'HF ADSS MEGABASS N95 G900', 'HEADSET', 8500),
('A388', 'HF ADSS MEGABASS N95 M302', 'HEADSET', 8500),
('A389', 'HF ADSS EMBOS N95 6500C', 'HEADSET', 12000),
('A39', '3L', 'BATERAI NOKIA STRENGHT\r\n', 23000),
('A390', 'HF ADSS EMBOS N95 BB', 'HEADSET', 12000),
('A391', 'HF MUSIC ANGEL ', 'handsfree\r\n', 3750),
('A392', 'HF SAM S4+VOL ', 'handsfree\r\n', 8000),
('A393', 'HF SAM S6+VOL', 'HEADSET', 7500),
('A394', 'HF ORI 99 IPHONE DUS ', 'HEADSET', 10000),
('A395', 'HF ORI 99 ADVAN DUS', 'handsfree\r\n', 10000),
('A396', 'HF ORI 99 IPHONE MIKA ', 'HEADSET', 8000),
('A397', 'HF NIKE+MIC', 'HEADSET', 11000),
('A398', 'HF ADIDAS+MIC', 'HEADSET', 11000),
('A399', 'HF BESONE', 'HEADSET', 10500),
('A40', '5J', 'BATERAI NOKIA STRENGHT\r\n', 23000),
('A400', 'CS2/8520', 'BATERAI BB ORI\r\n', 10000),
('A401', 'DX1/8900', 'BATERAI BB ORI\r\n', 12000),
('A402', 'MS1/9000', 'BATERAI BB ORI', 12000),
('A403', 'KABEL DATA BB9900', 'KABEL DATA\r\n', 2500),
('A404', 'KABEL DATA SAMSUNG S3/S4', 'KABEL', 3000),
('A405', 'KABEL DATA SAMSUNG P1000', 'KABEL', 6000),
('A406', 'KABEL DATA IPHONE 4', 'KABEL', 4500),
('A407', 'KABEL DATA IPHONE 5', 'KABEL', 6500),
('A408', 'KABEL DATA MAGNET 20CM', 'KABEL', 2500),
('A409', 'KABEL DATA GEPENG 1M', 'KABEL', 2750),
('A41', '4J', 'BATERAI NOKIA STRENGHT\r\n', 23000),
('A410', 'KABEL DATA FULL LAMPU 25CM', 'KABEL', 4500),
('A411', 'KABEL DATA FULL LAMPU 1M', 'KABEL DATA\r\n', 3500),
('A412', 'KABEL DATA LED S6 LAMPU', 'KABEL', 7000),
('A413', 'KABEL DATA LED 2IN1 LAMPU', 'KABEL', 12000),
('A414', 'KABEL DATA CHROME LAMPU', 'KABEL', 10000),
('A415', 'KABEL DATA TALI SEPATU 3M', 'KABEL DATA\r\n', 7500),
('A416', 'KABEL POWERBANK H888/BB', 'KABEL', 2000),
('A417', 'KABEL POWERBANK SET', 'KABEL', 4000),
('A418', 'KABEL CUMI 3IN1', 'KABEL DATA\r\n', 6750),
('A419', 'KABEL CUMI 10IN1', 'KABEL', 8500),
('A42', '4CT', 'BATERAI NOKIA STRENGHT\r\n', 23000),
('A420', 'KABEL OTG I9300/SAM', 'KABEL', 3500),
('A421', 'KABEL SMILE', 'KABEL DATA\r\n', 3000),
('A422', 'KABEL JACK 2IN 1', 'KABEL DATA\r\n', 3500),
('A423', 'KABEL JACK 1 IN 1 ', 'KABEL DATA\r\n', 2500),
('A424', 'KABEL JACK 1 IN 1 TL SPTU', 'KABEL', 2500),
('A425', 'KABEL TL SEPATU 2M', 'KABEL', 5000),
('A426', 'KABEL TL SEPATU 1M', 'KABEL', 3000),
('A427', 'KABEL LED BIASA', 'KABEL', 0),
('A428', 'OTG ANDROID ', 'KABEL', 4500),
('A429', '4C', 'BATERAI 95%\r\n', 5750),
('A43', '4S', 'BATERAI NOKIA STRENGHT\r\n', 23000),
('A430', '5C', 'BATERAI 95%\r\n', 5750),
('A431', '4B', 'BATERAI 95%\r\n', 6750),
('A432', '4CT', 'BATERAI 95%\r\n', 6750),
('A433', '4D', 'BATERAI 95%\r\n', 6750),
('A434', '4U', 'BATERAI 95%\r\n', 6750),
('A435', '4J', 'BATERAI 95%\r\n', 6750),
('A436', '4L', 'BATERAI 95%\r\n', 6750),
('A437', '4S', 'BATERAI 95%\r\n', 6750),
('A438', '5BT', 'BATERAI 95%\r\n', 6750),
('A439', '5F', 'BATERAI 95%\r\n', 6750),
('A44', '5CA', 'BATERAI NOKIA STRENGHT', 23000),
('A440', '5J', 'BATERAI 95%\r\n', 6750),
('A441', '5K', 'BATERAI 95%\r\n', 6750),
('A442', '5M', 'BATERAI 95%\r\n', 6750),
('A443', '5B', 'BATERAI 95%\r\n', 6750),
('A444', '5CB', 'BATERAI 95%\r\n', 6750),
('A445', '5CT', 'BATERAI 95%\r\n', 6750),
('A446', '6F', 'BATERAI 95%\r\n', 6750),
('A447', '6M', 'BATERAI 95%\r\n', 6750),
('A448', '6MT', 'BATERAI 95%\r\n', 6750),
('A449', '6P', 'BATERAI 95%\r\n', 6750),
('A45', '5CB', 'BATERAI NOKIA STRENGHT', 23000),
('A450', 'BST 33', 'BATERAI 95%\r\n', 8000),
('A451', 'BST36', 'BATERAI 95%\r\n', 8000),
('A452', 'BST37', 'BATERAI 95%\r\n', 8000),
('A453', '4C', 'BATERAI 99%\r\n', 9500),
('A454', '4B', 'BATERAI 99%', 12000),
('A455', '4L', 'BATERAI 99%\r\n', 12000),
('A456', '5C', 'BATERAI 99%\r\n', 9500),
('A457', '4CT', 'BATERAI 99%\r\n', 12000),
('A458', '4D', 'BATERAI 99%\r\n', 12000),
('A459', '4S', 'BATERAI 99%\r\n', 12000),
('A46', '5CT', 'BATERAI NOKIA STRENGHT\r\n', 23000),
('A460', '4U', 'BATERAI 99%\r\n', 12000),
('A461', '5BT', 'BATERAI 99%\r\n', 12000),
('A462', '5CT', 'BATERAI 99%\r\n', 12000),
('A463', '5F', 'BATERAI 99%\r\n', 12000),
('A464', '5M', 'BATERAI 99%\r\n', 12000),
('A465', '5K', 'BATERAI 99%\r\n', 12000),
('A466', '6F', 'BATERAI 99%\r\n', 12000),
('A467', '6M', 'BATERAI 99%\r\n', 12000),
('A468', '6MT', 'BATERAI 99%\r\n', 12000),
('A469', '6P', 'BATERAI 99%\r\n', 12000),
('A47', '5F', 'BATERAI NOKIA STRENGHT\r\n', 23000),
('A470', 'CS2', 'BATERAI 99%\r\n', 13000),
('A471', 'DX1', 'BATERAI 99%\r\n', 15000),
('A472', 'JM1', 'BATERAI 99%', 28000),
('A473', 'JS1', 'BATERAI 99%', 28000),
('A474', 'FS1', 'BATERAI 99%', 28000),
('A475', 'EM1', 'BATERAI 99%', 28000),
('A476', '2GB', 'mmc\r\n', 20200),
('A477', '4GB', 'mmc\r\n', 20200),
('A478', '8GB', 'mmc\r\n', 22200),
('A479', '16GB', 'mmc\r\n', 42200),
('A48', '5K', 'BATERAI NOKIA STRENGHT\r\n', 23000),
('A480', '8GB TURBO', 'mmc\r\n', 38200),
('A481', '16 GB TURBO', 'mmc\r\n', 53200),
('A482', '32 GB', 'MMC', 0),
('A483', '8GB', 'FLASHDISK THOSIBA\r\n', 34000),
('A484', '16GB', 'FLASHDISK THOSIBA\r\n', 48000),
('A485', 'BULB 5W (6800)', 'DT\r\n', 6800),
('A486', 'STIK (2RB)', 'DT\r\n', 2000),
('A487', 'BULB 7W', 'DT\r\n', 5750),
('A488', 'DT BIASA (6500)', 'DT\r\n', 6500),
('A489', 'DT LCD (10500)', 'DT', 10500),
('A49', '5M', 'BATERAI NOKIA STRENGHT\r\n', 23000),
('A490', 'SUPERWIDE JAKARTA', 'Casing\r\n', 0),
('A491', '2GB ', 'CHIP\r\n', 0),
('A492', '4GB', 'CHIP\r\n', 0),
('A493', '8GB', 'CHIP\r\n', 0),
('A50', '5T', 'BATERAI NOKIA STRENGHT', 23000),
('A500', 'AG BENING 10"', 'ANTI GORES\r\n', 0),
('A51', '6F', 'BATERAI NOKIA STRENGHT\r\n', 23000),
('A52', '6M', 'BATERAI NOKIA STRENGHT\r\n', 23000),
('A53', '6MT', 'BATERAI NOKIA STRENGHT', 23000),
('A54', '6P', 'BATERAI NOKIA STRENGHT', 23000),
('A55', '6Q', 'BATERAI NOKIA STRENGHT\r\n', 23000),
('A56', 'BN-01 (NOKIA X)', 'BATERAI NOKIA STRENGHT\r\n', 23000),
('A57', 'BN-02 (NOKIA XL)', 'BATERAI NOKIA STRENGHT', 35000),
('A58', 'BL-4UL (NOKIA 225)', 'BATERAI NOKIA STRENGHT\r\n', 35000),
('A59', 'BT-4W (NOKIA LUMIA 810)', 'BATERAI NOKIA STRENGHT\r\n', 35000),
('A60', 'BT-5T (NOKIA LUMIA 820)', 'BATERAI NOKIA STRENGHT\r\n', 35000),
('A600', 'AG AAA BB 8526', 'ANTI GORES\r\n', 0),
('A61', 'BT-5H (NOKIA LUMIA 630)', 'BATERAI NOKIA STRENGHT\r\n', 35000),
('A62', 'BA 600', 'BATERAI NOKIA STRENGHT', 23000),
('A63', 'BA 700', 'BATERAI SONY STRENGHT\r\n', 23000),
('A64', 'BA 750', 'BATERAI SONY STRENGHT\r\n', 23000),
('A65', 'BA 800', 'BATERAI NOKIA STRENGHT\r\n', 23000),
('A66', 'BA 900', 'BATERAI NOKIA STRENGHT', 23000),
('A67', 'BST 33', 'BATERAI SONY STRENGHT\r\n', 23000),
('A68', 'BST 36', 'BATERAI NOKIA STRENGHT\r\n', 23000),
('A69', 'BST 37', 'BATERAI NOKIA STRENGHT\r\n', 23000),
('A70', 'BST 38', 'BATERAI NOKIA STRENGHT', 23000),
('A700', 'AG LUNAR 7"', 'ANTI GORES\r\n', 0),
('A7020', 'SMART LED IPHONE', 'KABEL DATA\r\n', 8000),
('A71', 'BST 39', 'BATERAI NOKIA STRENGHT', 23000),
('A710', 'CS2/8520', 'BATERAI OC/PEKING PRESS TYPE\r\n', 10000),
('A72', 'BST 41', 'BATERAI SONY STRENGHT\r\n', 23000),
('A720', 'DX1/8900', 'BATERAI OC/PEKING PRESS TYPE\r\n', 0),
('A73', 'EP 500', 'BATERAI SONY STRENGHT\r\n', 23000),
('A730', 'SMART LED BIASA', 'KABEL DATA\r\n', 6000),
('A74', 'CS 2', 'BATERAI BB STRENGHT\r\n', 30000),
('A75', 'DX 1', 'BATERAI BB STRENGHT\r\n', 30000),
('A76', 'MS 1', 'BATERAI BB STRENGHT\r\n', 40000),
('A77', 'FS 1 ', 'BATERAI BB STRENGHT\r\n', 60000),
('A78', 'FM 1', 'BATERAI BB STRENGHT\r\n', 60000),
('A79', 'EM 1', 'BATERAI BB STRENGHT\r\n', 70000),
('A80', 'JM 1', 'BATERAI BB STRENGHT\r\n', 85000),
('A81', 'JS 1', 'BATERAI BB STRENGHT\r\n', 85000),
('A82', 'BB Z 3', 'BATERAI BB STRENGHT', 120000),
('A83', 'BB Q 5', 'BATERAI BB STRENGHT', 120000),
('A84', 'LS 1/  Z10', 'BATERAI BB STRENGHT\r\n', 120000),
('A85', 'NX 1/ Q10', 'BATERAI BB STRENGHT\r\n', 120000),
('A86', 'S5360/ YOUNG', 'BATERAI SAMSUNG STRENGHT\r\n', 30000),
('A87', 'S5380(30RB)', 'BATERAI SAMSUNG STRENGHT\r\n', 30000),
('A88', 'C3303 /CHAMP', 'BATERAI SAMSUNG STRENGHT', 30000),
('A89', 'S3650/ CORBY TOUCH', 'BATERAI SAMSUNG STRENGHT\r\n', 30000),
('A897', 'MS1', 'BATERAI BB ADSS 2IC\r\n', 35000),
('A899', 'JS1', 'BATERAI BB ADSS 2IC\r\n', 75000),
('A90', 'C3322/ LAKOTA', 'BATERAI SAMSUNG STRENGHT\r\n', 30000),
('A900', 'KABEL JACK 2 IN 1 PANJANG', 'KABEL DATA\r\n', 4000),
('A901', '4J', 'BATERAI 99%\r\n', 12000),
('A903', 'DX1/8900', 'BATERAI JASPAN ADSS 2IC\r\n', 30000),
('A904', 'JS1', 'BATERAI JASPAN ADSS 2IC\r\n', 0),
('A905', 'HF BLACK APPLE', 'handsfree\r\n', 0),
('A91', 'S3850/ 3860', 'BATERAI SAMSUNG STRENGHT', 30000),
('A92', 'S5830/ ACE', 'BATERAI SAMSUNG STRENGHT', 30000),
('A93', 'B3210/ CORBY QWERTY', 'BATERAI SAMSUNG STRENGHT', 30000),
('A94', 'S5530/ S5200/ ANICALL', 'BATERAI SAMSUNG STRENGHT\r\n', 35000),
('A95', 'S6310/ YOUNG 2', 'BATERAI SAMSUNG STRENGHT\r\n', 35000),
('A96', 'S5570/ GAL MINI', 'BATERAI SAMSUNG STRENGHT\r\n', 35000),
('A97', 'S5282/ GAL STAR', 'BATERAI SAMSUNG STRENGHT\r\n', 35000),
('A98', 'B5330/ CHAT', 'BATERAI SAMSUNG STRENGHT\r\n', 35000),
('A99', 'S5312/ YOUNG NEO', 'BATERAI SAMSUNG STRENGHT\r\n', 40000),
('ADV 4678', 'ES 030 J', 'SPEAKER\r\n', 68000),
('ADV01', 'PB 3200mah', 'POWERBANK ADVAN\r\n', 19000),
('ADV02', 'PB 5000mah SLIM', 'POWERBANK ADVAN', 85000),
('ADV03', 'PB 5200mah', 'POWERBANK ADVAN\r\n', 70000),
('ADV04', 'PB 5500mah SLIM', 'Powerbank ADV\r\n', 95000),
('ADV05', 'PB 5600mah S25', 'POWERBANK ADVAN\r\n', 78000),
('ADV06', 'PB 5600mah LAMA', 'POWERBANK ADVAN\r\n', 70000),
('ADV07', 'PB 5600mah 101a, 101b', 'POWERBANK ADVAN\r\n', 70000),
('ADV08', 'PB 5800mah 060', 'POWERBANK ADVAN\r\n', 85000),
('ADV09', 'PB 5800 SLIM', 'POWERBANK ADVAN\r\n', 94000),
('ADV10', 'PB 6000mah', 'POWERBANK ADVAN\r\n', 70000),
('ADV100', 'KBL SET ADV', 'KABEL DATA\r\n', 7000),
('ADV101', 'DC03-100 (2 in 1)', 'KABEL DATA\r\n', 20000),
('ADV102', 'DC11-OTG100 (2 in 1)', 'KABEL', 30000),
('ADV103', 'AC02 3,1A', 'KABEL', 25000),
('ADV104', 'C01 1Ampere', 'KABEL', 15000),
('ADV105', 'CV01 0,8A Votre', 'KABEL DATA\r\n', 9500),
('ADV106', 'POWERCUBE CY01', 'Charger\r\n', 20000),
('ADV107', 'POWERCUBE CC02', 'Charger\r\n', 21000),
('ADV108', 'POWERCUBE CY02', 'Charger\r\n', 21500),
('ADV109', 'POWERCUBE CY03', 'Charger\r\n', 21500),
('ADV11', 'PB 8200mah', 'POWERBANK ADVAN\r\n', 110000),
('ADV110', 'HEADSET MH001', 'handsfree\r\n', 35000),
('ADV111', 'HF MU-1', 'handsfree\r\n', 11000),
('ADV112', 'HF MU 2', 'HANDSFREE ADV', 11000),
('ADV113', 'HF MU 3', 'HANDSFREE ADV', 11000),
('ADV114', 'HF MU-5', 'handsfree\r\n', 11000),
('ADV115', 'HF X9', 'handsfree\r\n', 85000),
('ADV116', 'HF X10-0000', 'handsfree\r\n', 123000),
('ADV117', 'FISH EYE', 'costum ADV\r\n', 12500),
('ADV118', 'SUPERWIDE', 'costum ADV\r\n', 12500),
('ADV119', 'SD-11 MP3 VOTRE', 'costum ADV\r\n', 16500),
('ADV12', 'PB 8800mah LCD', 'POWERBANK ADVAN\r\n', 125000),
('ADV120', 'SM-01 (TONGSIS LIPAT)', 'TONGSIS\r\n', 8000),
('ADV121', 'SM-02 (TONGSIS TOMBOL)', 'TONGSIS\r\n', 11000),
('ADV122', 'SM-03 (TONGSIS MINI)', 'TONGSIS\r\n', 9000),
('ADV123', 'MOUSE VOTRE', 'costum ADV\r\n', 8300),
('ADV124', 'MOUSE WIRELESS', 'costum ADV\r\n', 33000),
('ADV125', 'MODEM DT-10', 'costum ADV\r\n', 120000),
('ADV126', 'MODEM DT-10 PLUS', 'COSTUM ADV', 210000),
('ADV127', '4C', 'BATERAI ADV\r\n', 15000),
('ADV128', '5C', 'BATERAI ADV\r\n', 18000),
('ADV129', '4L', 'BATERAI ADV\r\n', 17000),
('ADV13', 'PB 8800mah ', 'POWERBANK ADVAN\r\n', 100000),
('ADV130', '4U', 'BATERAI ADV\r\n', 17000),
('ADV131', '5B', 'BATERAI ADV\r\n', 18000),
('ADV14', 'PB 9000mah SLIM', 'POWERBANK ADVAN\r\n', 170000),
('ADV15', 'PB 10000mah S42', 'POWERBANK ADVAN\r\n', 143000),
('ADV16', 'PB 10000mah SLIM', 'POWERBANK ADVAN\r\n', 168000),
('ADV17', 'PB 10000mah LCD', 'Powerbank ADV\r\n', 120000),
('ADV18', 'PB 12000mah SLIM', 'POWERBANK ADVAN', 187000),
('ADV19', 'PB 15000 s52a', 'POWERBANK ADVAN\r\n', 173000),
('ADV20', 'pb 15000 POLYMER', 'POWERBANK ADVAN\r\n', 200000),
('ADV21', 'PB 18000', 'POWERBANK ADVAN\r\n', 185000),
('ADV22', 'PB 7800 102B', 'Powerbank ADV\r\n', 0),
('ADV23', 'PB 5800 101C', 'POWERBANK ADVAN\r\n', 0),
('ADV24', 'PB 5200 S21A', 'POWERBANK ADVAN\r\n', 0),
('ADV25', 'PB 3000 S13B', 'POWERBANK ADVAN\r\n', 0),
('ADV26', 'PB 5600 010 ', 'POWERBANK ADVAN\r\n', 0),
('ADV27', 'PB 8800 102', 'POWERBANK ADVAN\r\n', 0),
('ADV28', 'PB 8800 102 LCD', 'POWERBANK ADVAN', 0),
('ADV29', 'PB 5800 101', 'POWERBANK ADVAN\r\n', 70000),
('ADV30', 'KALENG', 'SPEAKER\r\n', 24000),
('ADV31', 'ROKOK', 'SPEAKER\r\n', 24000),
('ADV32', 'TP 100', 'SPEAKER\r\n', 84000),
('ADV33', 'TP 200', 'SPEAKER\r\n', 94000),
('ADV34', 'TP 200N LIGHT', 'SPEAKER', 98000),
('ADV35', 'TP 200 BT', 'SPEAKER\r\n', 105000),
('ADV36', 'TP 300', 'SPEAKER\r\n', 70000),
('ADV37', 'TP 400', 'SPEAKER\r\n', 88000),
('ADV38', 'TP 500N', 'SPEAKER\r\n', 70000),
('ADV39', 'TP 600', 'SPEAKER\r\n', 78000),
('ADV40', 'TP 700', 'SPEAKER\r\n', 125000),
('ADV41', 'TP 800', 'SPEAKER\r\n', 130000),
('ADV42', 'TP 900', 'SPEAKER\r\n', 150000),
('ADV43', 'T 101 KF', 'SPEAKER\r\n', 135000),
('ADV44', 'T 103 KF', 'SPEAKER\r\n', 265000),
('ADV45', 'M080 TF', 'SPEAKER\r\n', 165000),
('ADV46', 'M10', 'SPEAKER\r\n', 175000),
('ADV47', 'M 180 FM', 'SPEAKER\r\n', 195000),
('ADV48', 'M 180 BT', 'SPEAKER\r\n', 220000),
('ADV49', 'M 210 FM', 'SPEAKER\r\n', 255000),
('ADV50', 'M 230 FM                                            ', 'SPEAKER', 260000),
('ADV51', 'M 250 BT', 'SPEAKER\r\n', 250000),
('ADV52', 'M 310 BT', 'SPEAKER\r\n', 295000),
('ADV53', 'M 380', 'SPEAKER', 260000),
('ADV54', 'M 480 FM', 'SPEAKER\r\n', 285000),
('ADV55', 'M 690 FM', 'SPEAKER', 360000),
('ADV56', 'M 780 FM', 'SPEAKER\r\n', 350000),
('ADV57', 'M 990 B', 'SPEAKER', 445000),
('ADV58', 'M 9000 FM', 'SPEAKER', 485000),
('ADV59', 'M 9100 FM', 'SPEAKER\r\n', 520000),
('ADV60', 'M9200', 'SPEAKER\r\n', 540000),
('ADV61', 'M 9300', 'SPEAKER', 550000),
('ADV62', 'DUO-01', 'SPEAKER\r\n', 35000),
('ADV63', 'DUO-026', 'SPEAKER\r\n', 36000),
('ADV64', 'DUO-030', 'SPEAKER\r\n', 35000),
('ADV65', 'DUO-040', 'SPEAKER\r\n', 29000),
('ADV66', 'DUO-050', 'SPEAKER\r\n', 38000),
('ADV67', 'DUO 200', 'SPEAKER\r\n', 102000),
('ADV68', 'DUO 300', 'SPEAKER\r\n', 95000),
('ADV69', 'DUO 400', 'SPEAKER\r\n', 97000),
('ADV70', 'DUO-600', 'SPEAKER\r\n', 130000),
('ADV71', 'DUO-700', 'SPEAKER\r\n', 80000),
('ADV72', 'DUO-2000', 'SPEAKER\r\n', 250000),
('ADV74', 'H 24A', 'SPEAKER\r\n', 170000),
('ADV75', 'H 24B', 'SPEAKER\r\n', 185000),
('ADV76', 'H 25B', 'SPEAKER\r\n', 260000),
('ADV77', 'ST 100', 'SPEAKER\r\n', 165000),
('ADV79', 'ES 040A BT ', 'SPEAKER\r\n', 96000),
('ADV80', 'ES 040B BT', 'SPEAKER\r\n', 103000),
('ADV81', 'ES 040L BT', 'SPEAKER\r\n', 103000),
('ADV82', 'ES 040H BT', 'SPEAKER\r\n', 107000),
('ADV83', 'ES 030 C', 'SPEAKER\r\n', 68000),
('ADV84', 'ES030 H', 'SPEAKER\r\n', 66000),
('ADV85', 'ES030 K', 'SPEAKER\r\n', 68000),
('ADV86', 'ES030 D', 'SPEAKER\r\n', 68000),
('ADV87', 'VS 10BT', 'SPEAKER\r\n', 165000),
('ADV88', 'VS 20BT', 'SPEAKER\r\n', 123000),
('ADV89', 'A 30', 'SPEAKER\r\n', 36000),
('ADV90', 'A31', 'SPEAKER\r\n', 38000),
('ADV91', 'K8A', 'SPEAKER\r\n', 500000),
('ADV92', 'CR 1 SLOT', 'cardreader ADV\r\n', 1700),
('ADV93', 'CR 4 SLOT', 'cardreader ADV\r\n', 2800),
('ADV94', 'FD VANDISK 4 GB', 'FLASHDISK VANDISK\r\n', 31000),
('ADV95', 'FD VANDISK 8 GB', 'FLASHDISK VANDISK\r\n', 34000),
('ADV96', 'FD VANDISK 16 GB', 'FLASHDISK VANDISK\r\n', 40000),
('ADV97', 'DC01-200 (2m)', 'KABEL DATA\r\n', 8000),
('ADV98', 'DC01-100 (1m)', 'KABEL DATA\r\n', 4000),
('ADV99', 'CC01-30 (30cm)', 'KABEL DATA\r\n', 2500),
('B', 'S4 HC ', 'BATERAI ADVAN SRENGHT\r\n', 0),
('b 206', 'DC02-100', 'KABEL DATA\r\n', 6000),
('B 207', 'AG GLARE UNIVERSAL 7"', 'ANTI GORES\r\n', 1500),
('BA', 'ADSS 2IC ANDROMEX C3', 'BATERAI ANDROMAX ADSS 2IC\r\n', 40000),
('BT O', 'OPPO BLP589', 'BATERAI OPPO STRENGHT\r\n', 50000),
('DX1', 'DX1', 'BATERAI BB ADSS 2IC\r\n', 30000),
('ES10', 'ES 010 BT', 'SPEAKER\r\n', 55000),
('F 36', 'FLIP SHELL UNIVERSAL ALL BRAND UME', 'SOFTCASE\r\n', 13500),
('H12', 'H 23A', 'SPEAKER\r\n', 140000),
('J01', 'J100', 'BATERAI SAMSUNG STRENGHT\r\n', 65000),
('K 003', 'KABEL SPIRAL', 'KABEL', 0),
('PB88', 'PB 8800 MAH S31', 'POWERBANK ADVAN\r\n', 125000),
('SJ ', 'SGP J5', 'SOFTCASE\r\n', 2700),
('SJ2', 'SOFT JACKET SGP J1', 'SOFTCASE\r\n', 2700),
('T 01', 'TEMPER GLASS UNIVERSAL 4"', 'ANTI GORES\r\n', 6250),
('T 1-48', 'TEMPERED GLASS ANTI GORES ALL BRAND', 'ANTI GORES\r\n', 5500),
('T02', 'TEMPER GLASS UNIVERSAL 5,3"', 'ANTI GORES\r\n', 6250),
('T03', 'TEMPER GLASS UNIVERSAL 4,7"', 'ANTI GORES\r\n', 6250),
('T04', 'TEMPER GLASS UNIVERSAL 5,5"', 'ANTI GORES\r\n', 6250),
('T05', 'TEMPER GLASS UNIVERSAL 5"', 'ANTI GORES\r\n', 6250),
('U1', 'S6', 'SOFTCASE ULTRATHIN\r\n', 2700),
('U10', 'SAM 19082', 'SOFTCASE ULTRATHIN\r\n', 2700),
('U11', 'SAM G130', 'SOFTCASE ULTRATHIN\r\n', 2700),
('U13', 'G7106 G', 'SOFTCASE ULTRATHIN\r\n', 2700),
('U14', 'XP E4', 'SOFTCASE ULTRATHIN\r\n', 2700),
('U15', 'XP C4', 'SOFTCASE ULTRATHIN\r\n', 2700),
('U16', 'IPHONE 4', 'SOFTCASE ULTRATHIN\r\n', 2700),
('U17', 'IPHONE 64,7', 'SOFTCASE ULTRATHIN\r\n', 2700),
('U19', 'J7', 'SOFTCASE ULTRATHIN\r\n', 2700),
('U2', 'LX A 6000', 'SOFTCASE ULTRATHIN\r\n', 2700),
('U20', 'I-9606', 'SOFTCASE ULTRATHIN\r\n', 2700),
('U21', 'K3 NOTE K-50-T5', 'SOFTCASE ULTRATHIN\r\n', 2700),
('U22', 'J4', 'SOFTCASE ULTRATHIN\r\n', 2700),
('U23', 'S5', 'SOFTCASE ULTRATHIN\r\n', 2700),
('U24', 'SAM G313', 'SOFTCASE ULTRATHIN\r\n', 2700),
('U25', 'A5', 'SOFTCASE ULTRATHIN\r\n', 2700),
('U26', 'A3', 'SOFTCASE ULTRATHIN\r\n', 2700),
('U27', 'J1', 'SOFTCASE ULTRATHIN\r\n', 2700),
('U28', 'G7200', 'SOFTCASE ULTRATHIN\r\n', 2700),
('U29', 'ZEN 2 ZE551 ML 40', 'SOFTCASE ULTRATHIN\r\n', 2700),
('U3', 'LX A 7000', 'SOFTCASE ULTRATHIN\r\n', 2700),
('U30', 'R 3001', 'SOFTCASE ULTRATHIN\r\n', 2700),
('U31', 'R 2001', 'SOFTCASE ULTRATHIN\r\n', 2700),
('U4', 'ZEN 2 (5,5)', 'SOFTCASE ULTRATHIN\r\n', 2700),
('U40', 'M4C/M4I/X9', 'SOFTCASE ULTRATHIN\r\n', 2700),
('U5', 'LX A 369', 'SOFTCASE ULTRATHIN\r\n', 2700),
('U6', 'XIAOMI M14', 'SOFTCASE ULTRATHIN\r\n', 2700),
('U7', 'ZEN C', 'SOFTCASE ULTRATHIN\r\n', 2700),
('U9', 'N535', 'SOFTCASE ULTRATHIN\r\n', 2700),
('UT', 'ULTRATHIN ALL R631/G310/G5308', 'SOFTCASE ULTRATHIN\r\n', 2700),
('UT 02', 'R831', 'SOFTCASE\r\n', 2700);

-- --------------------------------------------------------

--
-- Struktur dari tabel `barang_masuk`
--

CREATE TABLE IF NOT EXISTS `barang_masuk` (
  `no_nota` varchar(25) NOT NULL,
  `tgl_masuk` date NOT NULL,
  `username` varchar(10) NOT NULL,
  `total` int(11) NOT NULL,
  `jumlah` int(11) NOT NULL,
  `kode_suplier` varchar(20) DEFAULT NULL,
  `dibayar` int(11) NOT NULL,
  `kekurangan` int(11) NOT NULL,
  `tgl_tempo` date DEFAULT NULL,
  PRIMARY KEY (`no_nota`),
  KEY `username` (`username`),
  KEY `kode_suplier` (`kode_suplier`)
) ENGINE=InnoDB DEFAULT CHARSET=latin1;

--
-- Dumping data untuk tabel `barang_masuk`
--

INSERT INTO `barang_masuk` (`no_nota`, `tgl_masuk`, `username`, `total`, `jumlah`, `kode_suplier`, `dibayar`, `kekurangan`, `tgl_tempo`) VALUES
('ADMAT', '2016-04-15', 'yuli', 4900000, 134, 'ADMAT', 4945000, 0, NULL),
('BES 15/4/2016', '2016-04-15', 'ratna', 16760000, 800, '3', 0, 16760000, '2016-04-22'),
('CLARYTI 11/4/2016', '2016-04-11', 'ratna', 126212500, 14690, '2', 126212500, 0, NULL),
('MAJU BERSAMA', '2016-04-11', 'ratna', 58300000, 2004, '2', 0, 58300000, '2016-05-11'),
('MAJU BERSAMA 3', '2016-04-11', 'ratna', 5562500, 540, '2', 0, 5562500, '2016-05-11'),
('PAK NUR', '2016-04-15', 'yuli', 27660000, 1300, 'PAK NUR', 28700000, 0, NULL),
('S04', '2016-04-13', 'ratna', 106510000, 7984, 'S04', 0, 106510000, '2016-05-13'),
('S05', '2016-04-15', 'yuli', 138250000, 3818, 'S04', 0, 138250000, '2016-05-13');

-- --------------------------------------------------------

--
-- Struktur dari tabel `barang_masuk_detail`
--

CREATE TABLE IF NOT EXISTS `barang_masuk_detail` (
  `id_detail` int(11) NOT NULL AUTO_INCREMENT,
  `kode` varchar(25) NOT NULL,
  `qty` int(11) NOT NULL,
  `no_nota` varchar(25) NOT NULL,
  `harga` int(11) NOT NULL,
  PRIMARY KEY (`id_detail`),
  KEY `kode` (`kode`),
  KEY `no_nota` (`no_nota`)
) ENGINE=InnoDB  DEFAULT CHARSET=latin1 AUTO_INCREMENT=181 ;

--
-- Dumping data untuk tabel `barang_masuk_detail`
--

INSERT INTO `barang_masuk_detail` (`id_detail`, `kode`, `qty`, `no_nota`, `harga`) VALUES
(1, 'A39', 18, 'ADMAT', 23000),
(2, 'A55', 3, 'ADMAT', 23000),
(3, 'A95', 50, 'ADMAT', 35000),
(4, 'A104', 10, 'ADMAT', 50000),
(5, 'A64', 4, 'ADMAT', 23000),
(6, 'A148', 30, 'ADMAT', 45000),
(7, 'A179', 10, 'ADMAT', 50000),
(8, 'A274', 9, 'ADMAT', 25000),
(9, 'A476', 200, 'PAK NUR', 20200),
(10, 'A477', 400, 'PAK NUR', 20200),
(11, 'A478', 700, 'PAK NUR', 22200),
(12, 'A462', 30, 'MAJU BERSAMA', 12000),
(13, 'A464', 30, 'MAJU BERSAMA', 12000),
(14, 'A465', 30, 'MAJU BERSAMA', 12000),
(15, 'A466', 30, 'MAJU BERSAMA', 12000),
(16, 'A467', 30, 'MAJU BERSAMA', 12000),
(17, 'A32', 350, 'MAJU BERSAMA', 23000),
(18, 'A33', 250, 'MAJU BERSAMA', 23000),
(19, 'A34', 30, 'MAJU BERSAMA', 23000),
(20, 'A38', 100, 'MAJU BERSAMA', 23000),
(21, 'A37', 100, 'MAJU BERSAMA', 23000),
(22, 'A36', 50, 'MAJU BERSAMA', 23000),
(23, 'A46', 20, 'MAJU BERSAMA', 23000),
(24, 'A47', 30, 'MAJU BERSAMA', 23000),
(25, 'A48', 20, 'MAJU BERSAMA', 23000),
(26, 'A49', 20, 'MAJU BERSAMA', 23000),
(27, 'A52', 20, 'MAJU BERSAMA', 23000),
(28, 'A53', 20, 'MAJU BERSAMA', 23000),
(29, 'A54', 20, 'MAJU BERSAMA', 23000),
(30, 'A50', 10, 'MAJU BERSAMA', 23000),
(31, 'A58', 10, 'MAJU BERSAMA', 35000),
(32, 'A59', 10, 'MAJU BERSAMA', 35000),
(33, 'A61', 10, 'MAJU BERSAMA', 35000),
(34, 'A57', 20, 'MAJU BERSAMA', 35000),
(35, 'A56', 20, 'MAJU BERSAMA', 23000),
(36, 'A63', 10, 'MAJU BERSAMA', 23000),
(37, 'A67', 30, 'MAJU BERSAMA', 23000),
(38, 'A72', 20, 'MAJU BERSAMA', 23000),
(39, 'A73', 20, 'MAJU BERSAMA', 23000),
(40, 'A75', 50, 'MAJU BERSAMA', 30000),
(41, 'A76', 30, 'MAJU BERSAMA', 40000),
(42, 'A77', 20, 'MAJU BERSAMA', 60000),
(43, 'A96', 20, 'MAJU BERSAMA', 35000),
(44, 'A93', 10, 'MAJU BERSAMA', 30000),
(45, 'A92', 30, 'MAJU BERSAMA', 30000),
(46, 'A91', 10, 'MAJU BERSAMA', 30000),
(47, 'A90', 30, 'MAJU BERSAMA', 30000),
(48, 'A88', 30, 'MAJU BERSAMA', 30000),
(49, 'A87', 30, 'MAJU BERSAMA', 30000),
(50, 'A97', 20, 'MAJU BERSAMA', 35000),
(51, 'A98', 20, 'MAJU BERSAMA', 35000),
(52, 'A99', 20, 'MAJU BERSAMA', 40000),
(53, 'A100', 10, 'MAJU BERSAMA', 40000),
(54, 'A101', 10, 'MAJU BERSAMA', 40000),
(55, 'A103', 10, 'MAJU BERSAMA', 40000),
(56, 'A102', 10, 'MAJU BERSAMA', 40000),
(57, 'A105', 20, 'MAJU BERSAMA', 50000),
(58, 'A106', 10, 'MAJU BERSAMA', 50000),
(59, 'A108', 10, 'MAJU BERSAMA', 50000),
(60, 'A107', 10, 'MAJU BERSAMA', 50000),
(61, 'A109', 10, 'MAJU BERSAMA', 65000),
(62, 'A110', 20, 'MAJU BERSAMA', 65000),
(63, 'A111', 10, 'MAJU BERSAMA', 65000),
(64, 'A112', 10, 'MAJU BERSAMA', 65000),
(65, 'A113', 10, 'MAJU BERSAMA', 65000),
(66, 'A115', 10, 'MAJU BERSAMA', 65000),
(67, 'A116', 10, 'MAJU BERSAMA', 65000),
(68, 'A117', 10, 'MAJU BERSAMA', 65000),
(69, 'A132', 10, 'MAJU BERSAMA', 65000),
(70, 'A150', 34, 'MAJU BERSAMA', 45000),
(71, 'A160', 60, 'MAJU BERSAMA', 45000),
(72, 'A158', 30, 'MAJU BERSAMA', 45000),
(73, 'A157', 30, 'MAJU BERSAMA', 45000),
(74, 'A154', 30, 'CLARYTI 11/4/2016', 45000),
(75, 'A155', 30, 'CLARYTI 11/4/2016', 45000),
(76, 'A133', 10, 'CLARYTI 11/4/2016', 65000),
(77, 'A296', 10, 'CLARYTI 11/4/2016', 65000),
(78, 'A81', 30, 'CLARYTI 11/4/2016', 85000),
(79, 'A80', 30, 'CLARYTI 11/4/2016', 85000),
(80, 'A167', 20, 'CLARYTI 11/4/2016', 50000),
(81, 'A169', 10, 'CLARYTI 11/4/2016', 50000),
(82, 'A172', 10, 'CLARYTI 11/4/2016', 50000),
(83, 'A171', 10, 'CLARYTI 11/4/2016', 50000),
(84, 'A174', 10, 'CLARYTI 11/4/2016', 50000),
(85, 'A176', 10, 'CLARYTI 11/4/2016', 50000),
(86, 'A177', 10, 'CLARYTI 11/4/2016', 50000),
(87, 'A178', 10, 'CLARYTI 11/4/2016', 50000),
(88, 'A180', 20, 'CLARYTI 11/4/2016', 50000),
(89, 'A181', 10, 'CLARYTI 11/4/2016', 50000),
(90, 'A196', 50, 'CLARYTI 11/4/2016', 50000),
(91, 'A184', 10, 'CLARYTI 11/4/2016', 50000),
(92, 'A186', 10, 'CLARYTI 11/4/2016', 50000),
(93, 'A187', 10, 'CLARYTI 11/4/2016', 50000),
(94, 'A189', 10, 'CLARYTI 11/4/2016', 50000),
(95, 'A194', 10, 'CLARYTI 11/4/2016', 50000),
(96, 'A193', 10, 'CLARYTI 11/4/2016', 50000),
(97, 'A205', 10, 'CLARYTI 11/4/2016', 80000),
(98, 'A206', 10, 'CLARYTI 11/4/2016', 80000),
(99, 'A207', 10, 'CLARYTI 11/4/2016', 80000),
(100, 'A212', 10, 'CLARYTI 11/4/2016', 50000),
(101, 'A213', 10, 'CLARYTI 11/4/2016', 50000),
(102, 'A220', 50, 'CLARYTI 11/4/2016', 19000),
(103, 'A221', 50, 'CLARYTI 11/4/2016', 19000),
(104, 'A230', 50, 'CLARYTI 11/4/2016', 19000),
(105, 'A225', 50, 'CLARYTI 11/4/2016', 19000),
(107, 'A275', 30, 'CLARYTI 11/4/2016', 25000),
(108, 'A403', 1000, 'CLARYTI 11/4/2016', 2500),
(109, 'A259', 30, 'CLARYTI 11/4/2016', 30000),
(110, 'A419', 500, 'CLARYTI 11/4/2016', 8500),
(111, 'A487', 500, 'CLARYTI 11/4/2016', 5750),
(112, 'A415', 1000, 'CLARYTI 11/4/2016', 7500),
(113, 'A06', 400, 'CLARYTI 11/4/2016', 6750),
(114, 'A05', 600, 'CLARYTI 11/4/2016', 6750),
(116, 'A02', 200, 'CLARYTI 11/4/2016', 5250),
(117, 'A17', 200, 'CLARYTI 11/4/2016', 11000),
(118, 'A18', 200, 'CLARYTI 11/4/2016', 14000),
(119, 'A14', 500, 'CLARYTI 11/4/2016', 9500),
(120, 'A12', 1000, 'CLARYTI 11/4/2016', 4750),
(121, 'A488', 1000, 'CLARYTI 11/4/2016', 6500),
(122, 'A347', 300, 'CLARYTI 11/4/2016', 13000),
(123, 'A371', 200, 'CLARYTI 11/4/2016', 35000),
(124, 'A190', 10, 'CLARYTI 11/4/2016', 50000),
(125, 'A348', 100, 'CLARYTI 11/4/2016', 30000),
(126, 'A368', 100, 'CLARYTI 11/4/2016', 35000),
(127, 'A486', 2000, 'CLARYTI 11/4/2016', 2000),
(128, 'A411', 500, 'CLARYTI 11/4/2016', 3500),
(129, 'A459', 50, 'CLARYTI 11/4/2016', 12000),
(130, 'A458', 50, 'CLARYTI 11/4/2016', 12000),
(131, 'A457', 50, 'CLARYTI 11/4/2016', 12000),
(132, 'A453', 500, 'CLARYTI 11/4/2016', 9500),
(133, 'A456', 700, 'CLARYTI 11/4/2016', 9500),
(134, 'A450', 50, 'CLARYTI 11/4/2016', 8000),
(135, 'A449', 50, 'CLARYTI 11/4/2016', 6750),
(136, 'A451', 50, 'CLARYTI 11/4/2016', 8000),
(137, 'A429', 800, 'CLARYTI 11/4/2016', 5750),
(138, 'A430', 1200, 'CLARYTI 11/4/2016', 5750),
(139, 'A434', 200, 'CLARYTI 11/4/2016', 6750),
(140, 'A435', 50, 'MAJU BERSAMA 3', 6750),
(141, 'A437', 100, 'MAJU BERSAMA 3', 6750),
(142, 'A438', 50, 'MAJU BERSAMA 3', 6750),
(143, 'A441', 50, 'MAJU BERSAMA 3', 6750),
(144, 'A442', 50, 'MAJU BERSAMA 3', 6750),
(145, 'A447', 50, 'MAJU BERSAMA 3', 6750),
(146, 'BT O', 10, 'MAJU BERSAMA 3', 50000),
(147, 'BA', 30, 'MAJU BERSAMA 3', 40000),
(148, 'A710', 150, 'MAJU BERSAMA 3', 10000),
(149, 'ADV119', 2900, 'S04', 16500),
(150, 'ADV48', 12, 'S04', 220000),
(151, 'ADV52', 8, 'S04', 295000),
(152, 'ADV49', 4, 'S04', 255000),
(153, 'ADV33', 60, 'S04', 94000),
(154, 'ADV115', 200, 'S04', 85000),
(155, 'ADV98', 3000, 'S04', 4000),
(156, 'ADV97', 1000, 'S04', 8000),
(157, 'ADV117', 800, 'S04', 12500),
(158, 'ADV68', 60, 'S05', 95000),
(159, 'ADV124', 60, 'S05', 33000),
(160, 'ADV52', 16, 'S05', 295000),
(161, 'ADV98', 350, 'S05', 4000),
(162, 'ADV97', 250, 'S05', 8000),
(163, 'ADV117', 80, 'S05', 12500),
(164, 'ADV 4678', 50, 'S05', 68000),
(165, 'ADV85', 50, 'S05', 68000),
(166, 'ADV83', 50, 'S05', 68000),
(167, 'ADV86', 50, 'S05', 68000),
(168, 'ADV84', 50, 'S05', 66000),
(169, 'ADV44', 4, 'S05', 265000),
(170, 'ES10', 500, 'S05', 55000),
(171, 'H12', 40, 'S05', 140000),
(172, 'ADV74', 30, 'S05', 170000),
(173, 'ADV75', 38, 'S05', 185000),
(174, 'ADV76', 20, 'S05', 260000),
(175, 'ADV01', 2000, 'S05', 19000),
(176, 'ADV48', 30, 'S05', 220000),
(177, 'ADV33', 90, 'S05', 94000),
(178, 'A476', 200, 'BES 15/4/2016', 20200),
(179, 'A477', 300, 'BES 15/4/2016', 20200),
(180, 'A478', 300, 'BES 15/4/2016', 22200);

-- --------------------------------------------------------

--
-- Struktur dari tabel `cabang`
--

CREATE TABLE IF NOT EXISTS `cabang` (
  `kode_cabang` varchar(255) NOT NULL,
  `nama_cabang` varchar(255) NOT NULL,
  `alamat` varchar(255) NOT NULL,
  `owner` varchar(255) NOT NULL,
  `jenis` enum('cabang','pusat','pantura') NOT NULL DEFAULT 'cabang',
  PRIMARY KEY (`kode_cabang`)
) ENGINE=InnoDB DEFAULT CHARSET=latin1;

--
-- Dumping data untuk tabel `cabang`
--

INSERT INTO `cabang` (`kode_cabang`, `nama_cabang`, `alamat`, `owner`, `jenis`) VALUES
('1', 'ZIDANE CELL 2', 'SOLO', 'SUGENG', 'cabang'),
('2', 'ZIDANE CELL 3', 'JOGJA', 'HENDRO', 'cabang'),
('3', 'ZIDANE CELL 4', 'PEKALONGAN', 'BAYU YULI ARIMANTOKO', 'cabang'),
('4', 'ZIDANE CELL 5', 'CIREBON', 'HUMAEDI', 'cabang'),
('6', 'SEMARANG (PUSAT)', 'SEMARANG', 'FITRI A', 'pusat'),
('7', 'pantura solo', 'Solo', 'si owner solo', 'pantura');

-- --------------------------------------------------------

--
-- Struktur dari tabel `ecer`
--

CREATE TABLE IF NOT EXISTS `ecer` (
  `no_nota` varchar(25) NOT NULL,
  `tgl_keluar` date NOT NULL,
  `username` varchar(25) NOT NULL,
  `total` int(11) NOT NULL,
  `jumlah` int(11) NOT NULL,
  `id_cabang` varchar(25) NOT NULL,
  PRIMARY KEY (`no_nota`),
  KEY `username` (`username`),
  KEY `id_cabang` (`id_cabang`)
) ENGINE=InnoDB DEFAULT CHARSET=latin1;

--
-- Dumping data untuk tabel `ecer`
--

INSERT INTO `ecer` (`no_nota`, `tgl_keluar`, `username`, `total`, `jumlah`, `id_cabang`) VALUES
('ec-10516042016090035', '2016-04-16', 'sugeng', 1450000, 7, '1'),
('ec-10816042016054858', '2016-04-13', 'hendro', 1265000, 32, '2'),
('ec-11012042016125437', '2016-04-12', 'bayu', 20000, 1, '3'),
('ec-13516042016090645', '2016-04-11', 'sugeng', 7000, 1, '1'),
('ec-14616042016092011', '2016-04-12', 'sugeng', 321750, 37, '1'),
('ec-15616042016093419', '2016-04-12', 'bayu', 918000, 106, '3'),
('ec-16015042016140232', '2016-04-11', 'hendro', 4295500, 209, '2'),
('ec-17816042016090612', '2016-04-11', 'sugeng', 72000, 12, '1'),
('ec-19615042016101719', '2016-04-11', 'hendro', 1235000, 55, '2'),
('ec-23812042016115229', '2016-04-12', 'bayu', 565000, 39, '3'),
('ec-24316042016091200', '2016-04-11', 'sugeng', 125000, 5, '1'),
('ec-26216042016085513', '2016-04-16', 'sugeng', 1360000, 20, '1'),
('ec-29916042016092035', '2016-04-12', 'sugeng', 57500, 10, '1'),
('ec-33214042016041249', '2016-04-11', 'ratna', 244500, 15, '6'),
('ec-35112042016115524', '2016-04-12', 'bayu', 15000, 1, '3'),
('ec-37616042016093934', '2016-04-12', 'bayu', 275000, 1, '3'),
('ec-42216042016091559', '2016-04-12', 'sugeng', 180000, 8, '1'),
('ec-45512042016120012', '2016-04-12', 'bayu', 318000, 13, '3'),
('ec-48015042016102731', '2016-04-11', 'hendro', 1800000, 72, '2'),
('ec-48516042016093950', '2016-04-12', 'bayu', 35000, 1, '3'),
('ec-49116042016094649', '2016-04-14', 'bayu', 360000, 104, '3'),
('ec-49816042016093443', '2016-04-12', 'bayu', 270000, 1, '3'),
('ec-51216042016090119', '2016-04-16', 'sugeng', 24500, 1, '1'),
('ec-51616042016095256', '2016-04-14', 'bayu', 240500, 8, '3'),
('ec-53116042016094327', '2016-04-12', 'bayu', 419500, 14, '3'),
('ec-56116042016095836', '2016-04-16', 'bayu', 0, 1, '3'),
('ec-56712042016115438', '2016-04-12', 'bayu', 21000, 1, '3'),
('ec-58612042016115559', '2016-04-12', 'bayu', 40000, 5, '3'),
('ec-65616042016093335', '2016-04-12', 'bayu', 86000, 6, '3'),
('ec-66316042016095942', '2016-04-16', 'bayu', 0, 1, '3'),
('ec-66416042016085807', '2016-04-16', 'sugeng', 620000, 44, '1'),
('ec-68516042016090458', '2016-04-11', 'sugeng', 75000, 1, '1'),
('ec-71416042016095929', '2016-04-16', 'bayu', 0, 1, '3'),
('ec-73616042016094745', '2016-04-14', 'bayu', 215000, 2, '3'),
('ec-84016042016090427', '2016-04-11', 'sugeng', 135000, 3, '1'),
('ec-85012042016120056', '2016-04-12', 'bayu', 15000, 3, '3'),
('ec-86916042016052942', '2016-04-12', 'hendro', 10014000, 374, '2'),
('ec-90916042016094046', '2016-04-12', 'bayu', 45000, 2, '3'),
('ec-96516042016091312', '2016-04-11', 'sugeng', 690000, 20, '1'),
('ec-97016042016093253', '2016-04-12', 'bayu', 31000, 4, '3');

-- --------------------------------------------------------

--
-- Struktur dari tabel `ecer_detail`
--

CREATE TABLE IF NOT EXISTS `ecer_detail` (
  `id_detail` int(11) NOT NULL AUTO_INCREMENT,
  `no_nota` varchar(25) NOT NULL,
  `kode` varchar(25) NOT NULL,
  `qty` int(11) NOT NULL,
  `harga_modal` int(11) NOT NULL,
  `harga` int(11) NOT NULL,
  PRIMARY KEY (`id_detail`),
  KEY `no_nota` (`no_nota`),
  KEY `kode` (`kode`)
) ENGINE=InnoDB  DEFAULT CHARSET=latin1 AUTO_INCREMENT=176 ;

--
-- Dumping data untuk tabel `ecer_detail`
--

INSERT INTO `ecer_detail` (`id_detail`, `no_nota`, `kode`, `qty`, `harga_modal`, `harga`) VALUES
(2, 'ec-23812042016115229', 'A488', 5, 6500, 8000),
(3, 'ec-23812042016115229', 'ADV104', 5, 14000, 17000),
(4, 'ec-23812042016115229', 'A483', 2, 34000, 35000),
(5, 'ec-23812042016115229', 'A24', 6, 12500, 15000),
(6, 'ec-23812042016115229', 'A21', 5, 4000, 6000),
(7, 'ec-23812042016115229', 'ADV107', 2, 21000, 24000),
(8, 'ec-23812042016115229', 'ADV99', 5, 2500, 4000),
(9, 'ec-23812042016115229', 'ADV30', 4, 24000, 26000),
(10, 'ec-23812042016115229', 'ADV121', 3, 11000, 14000),
(11, 'ec-23812042016115229', 'ADV119', 2, 16000, 18000),
(12, 'ec-56712042016115438', 'ADV130', 1, 17000, 21000),
(13, 'ec-35112042016115524', 'ADV98', 1, 4000, 15000),
(14, 'ec-58612042016115559', 'A06', 5, 6500, 8000),
(15, 'ec-45512042016120012', 'A14', 3, 9500, 15000),
(16, 'ec-45512042016120012', 'A477', 1, 20200, 35000),
(17, 'ec-45512042016120012', 'A391', 1, 3750, 10000),
(18, 'ec-45512042016120012', 'A483', 2, 34000, 50000),
(19, 'ec-45512042016120012', 'A24', 1, 12500, 35000),
(20, 'ec-45512042016120012', 'ADV121', 4, 11000, 14000),
(21, 'ec-45512042016120012', 'A98', 1, 35000, 37000),
(22, 'ec-85012042016120056', 'A21', 3, 4000, 5000),
(23, 'ec-11012042016125437', 'A440', 1, 6750, 20000),
(24, 'ec-33214042016041249', 'A13', 3, 9500, 12000),
(25, 'ec-33214042016041249', 'A0004', 2, 0, 28000),
(26, 'ec-33214042016041249', 'A421', 5, 3000, 5500),
(27, 'ec-33214042016041249', 'A478', 5, 22200, 25000),
(28, 'ec-19615042016101719', 'A24', 50, 12500, 13500),
(29, 'ec-19615042016101719', 'ADV11', 5, 110000, 112000),
(30, 'ec-48015042016102731', 'PB88', 5, 125000, 128000),
(31, 'ec-48015042016102731', 'ADV64', 10, 35000, 35500),
(32, 'ec-48015042016102731', 'A24', 40, 12500, 14000),
(33, 'ec-48015042016102731', 'A403', 8, 2500, 3000),
(34, 'ec-48015042016102731', 'A368', 2, 35000, 45000),
(35, 'ec-48015042016102731', 'A455', 2, 12000, 13000),
(36, 'ec-48015042016102731', 'A477', 5, 20200, 21000),
(37, 'ec-16015042016140232', 'ADV117', 10, 12500, 13000),
(38, 'ec-16015042016140232', 'ADV118', 10, 12500, 13000),
(39, 'ec-16015042016140232', 'A477', 20, 20200, 20500),
(40, 'ec-16015042016140232', 'A478', 32, 22200, 26000),
(41, 'ec-16015042016140232', 'ADV48', 3, 220000, 220000),
(42, 'ec-16015042016140232', 'ADV121', 100, 11000, 12000),
(43, 'ec-16015042016140232', 'ADV111', 1, 11000, 20000),
(44, 'ec-16015042016140232', 'ADV114', 1, 11000, 25000),
(45, 'ec-16015042016140232', 'ADV92', 3, 1700, 10000),
(46, 'ec-16015042016140232', 'ADV120', 2, 8000, 0),
(47, 'ec-16015042016140232', 'A01', 1, 5250, 14500),
(48, 'ec-16015042016140232', 'ADV94', 1, 31000, 35000),
(49, 'ec-16015042016140232', 'ADV123', 2, 8300, 25000),
(50, 'ec-16015042016140232', 'ADV64', 1, 35000, 65000),
(51, 'ec-16015042016140232', 'ADV82', 1, 107000, 120000),
(52, 'ec-16015042016140232', 'ADV86', 1, 68000, 72000),
(53, 'ec-16015042016140232', 'ES10', 3, 55000, 65000),
(54, 'ec-16015042016140232', 'ADV38', 1, 70000, 72000),
(55, 'ec-16015042016140232', 'A3000', 10, 2000, 3000),
(56, 'ec-16015042016140232', 'A23', 1, 12500, 40000),
(57, 'ec-16015042016140232', 'ADV103', 1, 25000, 55000),
(58, 'ec-16015042016140232', 'ADV99', 1, 2500, 10000),
(59, 'ec-16015042016140232', 'A13', 2, 9500, 40000),
(60, 'ec-16015042016140232', 'A05', 1, 6750, 20000),
(61, 'ec-86916042016052942', 'ADV48', 8, 220000, 220000),
(62, 'ec-86916042016052942', 'ADV51', 2, 250000, 260000),
(63, 'ec-86916042016052942', 'ADV43', 2, 135000, 140000),
(64, 'ec-86916042016052942', 'A477', 11, 20200, 21000),
(65, 'ec-86916042016052942', 'A20', 1, 7000, 8000),
(66, 'ec-86916042016052942', 'ADV09', 1, 94000, 100000),
(67, 'ec-86916042016052942', 'A479', 1, 42200, 46000),
(68, 'ec-86916042016052942', 'ADV92', 5, 1700, 10000),
(69, 'ec-86916042016052942', 'ADV120', 1, 8000, 0),
(70, 'ec-86916042016052942', 'ADV98', 13, 4000, 5000),
(71, 'ec-86916042016052942', 'ADV122', 1, 9000, 10000),
(72, 'ec-86916042016052942', 'A259', 1, 30000, 30000),
(73, 'ec-86916042016052942', 'ES10', 1, 55000, 65000),
(74, 'ec-86916042016052942', 'ADV118', 10, 12500, 13000),
(75, 'ec-86916042016052942', 'ADV117', 20, 12500, 14500),
(76, 'ec-86916042016052942', 'ADV121', 10, 11000, 12500),
(77, 'ec-86916042016052942', 'A24', 1, 12500, 40000),
(78, 'ec-86916042016052942', 'A453', 1, 9500, 15000),
(79, 'ec-86916042016052942', 'A14', 1, 9500, 25000),
(80, 'ec-86916042016052942', 'ADV114', 15, 11000, 13000),
(81, 'ec-86916042016052942', 'ADV97', 10, 8000, 9000),
(82, 'ec-86916042016052942', 'ADV70', 1, 130000, 150000),
(83, 'ec-86916042016052942', 'ADV124', 1, 33000, 50000),
(84, 'ec-86916042016052942', 'A345', 50, 13000, 14500),
(85, 'ec-86916042016052942', 'ADV119', 11, 16500, 17000),
(86, 'ec-86916042016052942', 'A368', 3, 35000, 37000),
(87, 'ec-86916042016052942', 'ADV110', 2, 35000, 38000),
(88, 'ec-86916042016052942', 'ADV30', 100, 24000, 24500),
(89, 'ec-86916042016052942', 'ADV31', 80, 24000, 24500),
(90, 'ec-86916042016052942', 'A478', 10, 22200, 23000),
(91, 'ec-10816042016054858', 'ADV96', 1, 40000, 50000),
(92, 'ec-10816042016054858', 'ADV62', 1, 35000, 49000),
(93, 'ec-10816042016054858', 'A15', 1, 8500, 30000),
(94, 'ec-10816042016054858', 'ADV02', 1, 85000, 30000),
(95, 'ec-10816042016054858', 'ADV121', 1, 11000, 25000),
(96, 'ec-10816042016054858', 'A479', 2, 42200, 55000),
(97, 'ec-10816042016054858', 'A17', 1, 11000, 30000),
(98, 'ec-10816042016054858', 'ADV44', 1, 265000, 240000),
(99, 'ec-10816042016054858', 'ADV119', 2, 16500, 25000),
(100, 'ec-10816042016054858', 'A477', 1, 20200, 25000),
(101, 'ec-10816042016054858', 'ES10', 1, 55000, 65000),
(102, 'ec-10816042016054858', 'A12', 2, 4750, 20000),
(103, 'ec-10816042016054858', 'ADV89', 1, 36000, 50000),
(104, 'ec-10816042016054858', 'ADV94', 1, 31000, 35000),
(105, 'ec-10816042016054858', 'ADV125', 2, 120000, 125000),
(106, 'ec-10816042016054858', 'ADV93', 10, 2800, 4500),
(107, 'ec-10816042016054858', 'ADV88', 1, 123000, 130000),
(108, 'ec-10816042016054858', 'ADV98', 1, 4000, 6000),
(109, 'ec-10816042016054858', 'A486', 1, 2000, 5000),
(110, 'ec-26216042016085513', 'ADV03', 20, 70000, 68000),
(111, 'ec-66416042016085807', 'A403', 15, 2500, 4000),
(112, 'ec-66416042016085807', 'A430', 10, 5750, 8000),
(113, 'ec-66416042016085807', 'A429', 5, 5750, 8000),
(114, 'ec-66416042016085807', 'ADV92', 10, 1700, 4000),
(115, 'ec-66416042016085807', 'A81', 2, 85000, 100000),
(116, 'ec-66416042016085807', 'A80', 2, 85000, 100000),
(117, 'ec-10516042016090035', 'ADV48', 6, 220000, 225000),
(118, 'ec-10516042016090035', 'ADV68', 1, 95000, 100000),
(119, 'ec-51216042016090119', 'A37', 1, 23000, 24500),
(120, 'ec-84016042016090427', 'A478', 1, 22200, 35000),
(121, 'ec-84016042016090427', 'ADV10', 1, 70000, 100000),
(122, 'ec-84016042016090427', 'ADV120', 1, 8000, 0),
(123, 'ec-68516042016090458', 'ADV03', 1, 70000, 75000),
(124, 'ec-17816042016090612', 'ADV98', 10, 4000, 5000),
(125, 'ec-17816042016090612', 'A02', 1, 5250, 9000),
(126, 'ec-17816042016090612', 'A23', 1, 12500, 13000),
(127, 'ec-13516042016090645', 'A403', 1, 2500, 7000),
(128, 'ec-24316042016091200', 'A236', 1, 19000, 35000),
(129, 'ec-24316042016091200', 'ADV106', 4, 20000, 22500),
(130, 'ec-96516042016091312', 'A483', 20, 34000, 34500),
(131, 'ec-42216042016091559', 'ADV106', 2, 20000, 25000),
(132, 'ec-42216042016091559', 'ADV64', 2, 35000, 42500),
(133, 'ec-42216042016091559', 'A456', 2, 9500, 12500),
(134, 'ec-42216042016091559', 'ADV123', 2, 8300, 10000),
(135, 'ec-14616042016092011', 'A221', 3, 19000, 20000),
(136, 'ec-14616042016092011', 'ADV99', 5, 2500, 2500),
(137, 'ec-14616042016092011', 'ADV30', 2, 24000, 24500),
(138, 'ec-14616042016092011', 'ADV31', 2, 24000, 24500),
(139, 'ec-14616042016092011', 'A07', 5, 6500, 7250),
(140, 'ec-14616042016092011', 'A01', 10, 5250, 5750),
(141, 'ec-14616042016092011', 'A03', 10, 5250, 5750),
(142, 'ec-29916042016092035', 'A02', 10, 5250, 5750),
(143, 'ec-97016042016093253', 'A488', 2, 6500, 8000),
(144, 'ec-97016042016093253', 'A436', 1, 6750, 7500),
(145, 'ec-97016042016093253', 'A439', 1, 6750, 7500),
(146, 'ec-65616042016093335', 'ADV118', 2, 12500, 15000),
(147, 'ec-65616042016093335', 'ADV121', 4, 11000, 14000),
(148, 'ec-15616042016093419', 'ADV105', 46, 9500, 10500),
(149, 'ec-15616042016093419', 'A20', 60, 7000, 7250),
(150, 'ec-49816042016093443', 'ADV76', 1, 260000, 270000),
(151, 'ec-37616042016093934', 'ADV51', 1, 250000, 275000),
(152, 'ec-48516042016093950', 'ADV01', 1, 19000, 35000),
(153, 'ec-90916042016094046', 'A478', 2, 22200, 22500),
(154, 'ec-53116042016094327', 'ADV121', 5, 11000, 12500),
(155, 'ec-53116042016094327', 'ADV122', 5, 9000, 11000),
(156, 'ec-53116042016094327', 'ADV125', 2, 120000, 127000),
(157, 'ec-53116042016094327', 'ADV109', 2, 21500, 24000),
(158, 'ec-49116042016094649', 'ADV98', 1, 4000, 15000),
(159, 'ec-49116042016094649', 'A221', 1, 19000, 35000),
(160, 'ec-49116042016094649', 'A20', 1, 7000, 20000),
(161, 'ec-49116042016094649', 'ADV94', 1, 31000, 50000),
(162, 'ec-49116042016094649', 'ADV92', 100, 1700, 2400),
(163, 'ec-73616042016094745', 'ADV125', 1, 120000, 170000),
(164, 'ec-73616042016094745', 'ADV129', 1, 17000, 45000),
(165, 'ec-51616042016095256', 'A261', 1, 35000, 65500),
(166, 'ec-51616042016095256', 'ADV119', 1, 16500, 30000),
(167, 'ec-51616042016095256', 'ADV98', 1, 4000, 15000),
(168, 'ec-51616042016095256', 'A477', 1, 20200, 35000),
(169, 'ec-51616042016095256', 'ADV114', 1, 11000, 25000),
(170, 'ec-51616042016095256', 'A12', 1, 4750, 15000),
(171, 'ec-51616042016095256', 'ADV106', 1, 20000, 45000),
(172, 'ec-51616042016095256', 'A391', 1, 3750, 10000),
(173, 'ec-56116042016095836', 'A12', 1, 4750, 0),
(174, 'ec-71416042016095929', 'A06', 1, 6750, 0),
(175, 'ec-66316042016095942', 'ADV94', 1, 31000, 0);

-- --------------------------------------------------------

--
-- Struktur dari tabel `grosir`
--

CREATE TABLE IF NOT EXISTS `grosir` (
  `no_nota` varchar(25) NOT NULL,
  `tgl_keluar` date NOT NULL,
  `username` varchar(25) NOT NULL,
  `kode_sales` varchar(25) NOT NULL,
  `total` int(11) NOT NULL,
  `jumlah` int(11) NOT NULL,
  `dibayar` int(11) NOT NULL,
  `kekurangan` int(11) NOT NULL,
  `tgl_tempo` date DEFAULT NULL,
  `potongan` int(11) NOT NULL,
  `ket_potongan` text NOT NULL,
  `id_cabang` varchar(25) NOT NULL,
  PRIMARY KEY (`no_nota`),
  KEY `username` (`username`),
  KEY `kode_sales` (`kode_sales`),
  KEY `id_cabang` (`id_cabang`)
) ENGINE=InnoDB DEFAULT CHARSET=latin1;

--
-- Dumping data untuk tabel `grosir`
--

INSERT INTO `grosir` (`no_nota`, `tgl_keluar`, `username`, `kode_sales`, `total`, `jumlah`, `dibayar`, `kekurangan`, `tgl_tempo`, `potongan`, `ket_potongan`, `id_cabang`) VALUES
('gr-21815042016140946', '2016-04-11', 'hendro', 'SJ 27', 2611000, 108, 0, 2611000, '2016-05-15', 0, '', '2'),
('gr-44012042016113810', '2016-04-12', 'bayu', 'P99', 469000, 33, 0, 469000, '2016-04-25', 0, '', '3'),
('gr-53512042016114218', '2016-04-12', 'bayu', 'P99', 1469000, 13, 0, 1469000, '2016-04-25', 0, '', '3'),
('gr-68412042016113227', '2016-04-12', 'bayu', '0041', 1783000, 186, 0, 1783000, '2016-04-25', 0, '', '3'),
('gr-74812042016114522', '2016-04-12', 'bayu', 'P100', 375000, 3, 0, 375000, '2016-04-17', 0, '', '3');

-- --------------------------------------------------------

--
-- Struktur dari tabel `grosir_detail`
--

CREATE TABLE IF NOT EXISTS `grosir_detail` (
  `id_detail` int(11) NOT NULL AUTO_INCREMENT,
  `no_nota` varchar(25) NOT NULL,
  `kode` varchar(25) DEFAULT NULL,
  `qty` int(11) NOT NULL,
  `harga_modal` int(11) NOT NULL,
  `harga` int(11) NOT NULL,
  PRIMARY KEY (`id_detail`),
  KEY `no_nota` (`no_nota`),
  KEY `kode` (`kode`)
) ENGINE=InnoDB  DEFAULT CHARSET=latin1 AUTO_INCREMENT=40 ;

--
-- Dumping data untuk tabel `grosir_detail`
--

INSERT INTO `grosir_detail` (`id_detail`, `no_nota`, `kode`, `qty`, `harga_modal`, `harga`) VALUES
(11, 'gr-68412042016113227', 'ADV01', 10, 18000, 19000),
(12, 'gr-68412042016113227', 'ADV104', 10, 14000, 16000),
(13, 'gr-68412042016113227', 'ADV121', 20, 11000, 12500),
(14, 'gr-68412042016113227', 'ADV30', 5, 24000, 24500),
(15, 'gr-68412042016113227', 'ADV31', 5, 24000, 24500),
(16, 'gr-68412042016113227', 'ADV110', 3, 35000, 36000),
(17, 'gr-68412042016113227', 'ADV92', 20, 1700, 2500),
(18, 'gr-68412042016113227', 'ADV93', 20, 2800, 3500),
(19, 'gr-68412042016113227', 'ADV128', 5, 18000, 20500),
(20, 'gr-68412042016113227', 'A391', 35, 3750, 4500),
(21, 'gr-68412042016113227', 'A418', 8, 6750, 7500),
(22, 'gr-68412042016113227', 'A20', 10, 7000, 7500),
(23, 'gr-68412042016113227', 'A14', 10, 9500, 10500),
(24, 'gr-68412042016113227', 'A24', 10, 12500, 13500),
(25, 'gr-68412042016113227', 'A21', 15, 4000, 5000),
(26, 'gr-44012042016113810', 'A06', 10, 6500, 6750),
(27, 'gr-44012042016113810', 'A20', 20, 7000, 6250),
(28, 'gr-44012042016113810', 'ADV125', 2, 120000, 123000),
(29, 'gr-44012042016113810', 'ADV102', 1, 30000, 30500),
(30, 'gr-53512042016114218', 'ADV40', 2, 125000, 128000),
(31, 'gr-53512042016114218', 'ADV43', 2, 135000, 138000),
(32, 'gr-53512042016114218', 'ADV35', 2, 105000, 108000),
(33, 'gr-53512042016114218', 'ADV48', 1, 220000, 223000),
(34, 'gr-53512042016114218', 'ADV74', 2, 170000, 175000),
(35, 'gr-53512042016114218', 'ADV110', 4, 35000, 37000),
(36, 'gr-74812042016114522', 'ADV11', 3, 110000, 125000),
(37, 'gr-21815042016140946', 'ADV48', 5, 220000, 200000),
(38, 'gr-21815042016140946', 'ADV114', 100, 11000, 12000),
(39, 'gr-21815042016140946', 'ADV43', 3, 135000, 137000);

-- --------------------------------------------------------

--
-- Struktur dari tabel `history_harga`
--

CREATE TABLE IF NOT EXISTS `history_harga` (
  `id_history` int(11) NOT NULL AUTO_INCREMENT,
  `tgl_perubahan` datetime NOT NULL,
  `kode` varchar(255) NOT NULL,
  `harga` int(11) NOT NULL,
  PRIMARY KEY (`id_history`),
  KEY `kode` (`kode`)
) ENGINE=InnoDB  DEFAULT CHARSET=latin1 AUTO_INCREMENT=2766 ;

--
-- Dumping data untuk tabel `history_harga`
--

INSERT INTO `history_harga` (`id_history`, `tgl_perubahan`, `kode`, `harga`) VALUES
(582, '2016-04-11 10:39:05', 'A01', 5250),
(583, '2016-04-11 10:39:05', 'A02', 5250),
(584, '2016-04-11 10:39:05', 'A03', 5250),
(585, '2016-04-11 10:39:06', 'A04', 5250),
(586, '2016-04-11 10:39:06', 'A05', 6500),
(587, '2016-04-11 10:39:06', 'A06', 6500),
(588, '2016-04-11 10:39:06', 'A07', 6500),
(590, '2016-04-11 10:39:07', 'A09', 6500),
(591, '2016-04-11 10:39:07', 'A10', 6500),
(592, '2016-04-11 10:39:07', 'A11', 5500),
(593, '2016-04-11 10:39:07', 'A12', 5000),
(594, '2016-04-11 10:39:07', 'A13', 9500),
(595, '2016-04-11 10:39:07', 'A14', 9500),
(596, '2016-04-11 10:39:07', 'A15', 8500),
(597, '2016-04-11 10:39:07', 'A16', 12000),
(598, '2016-04-11 10:39:07', 'A17', 13000),
(599, '2016-04-11 10:39:07', 'A18', 13000),
(600, '2016-04-11 10:39:07', 'A19', 8500),
(601, '2016-04-11 10:39:07', 'A20', 7000),
(602, '2016-04-11 10:39:07', 'A21', 4000),
(603, '2016-04-11 10:39:07', 'A22', 25000),
(604, '2016-04-11 10:39:07', 'A23', 12500),
(605, '2016-04-11 10:39:07', 'A24', 12500),
(606, '2016-04-11 10:39:07', 'A25', 12000),
(607, '2016-04-11 10:39:08', 'A26', 1000),
(608, '2016-04-11 10:39:08', 'A27', 2500),
(609, '2016-04-11 10:39:08', 'A28', 4500),
(610, '2016-04-11 10:39:08', 'A29', 5500),
(611, '2016-04-11 10:39:08', 'A30', 2000),
(612, '2016-04-11 10:39:08', 'A31', 7000),
(613, '2016-04-11 10:39:08', 'A32', 23000),
(614, '2016-04-11 10:39:08', 'A33', 23000),
(615, '2016-04-11 10:39:08', 'A34', 23000),
(616, '2016-04-11 10:39:08', 'A35', 23000),
(617, '2016-04-11 10:39:08', 'A36', 23000),
(618, '2016-04-11 10:39:08', 'A37', 23000),
(619, '2016-04-11 10:39:08', 'A38', 23000),
(620, '2016-04-11 10:39:08', 'A39', 23000),
(621, '2016-04-11 10:39:08', 'A40', 23000),
(622, '2016-04-11 10:39:08', 'A41', 23000),
(623, '2016-04-11 10:39:08', 'A42', 23000),
(624, '2016-04-11 10:39:09', 'A43', 23000),
(625, '2016-04-11 10:39:09', 'A44', 23000),
(626, '2016-04-11 10:39:09', 'A45', 23000),
(627, '2016-04-11 10:39:09', 'A46', 23000),
(628, '2016-04-11 10:39:09', 'A47', 23000),
(629, '2016-04-11 10:39:09', 'A48', 23000),
(630, '2016-04-11 10:39:09', 'A49', 23000),
(631, '2016-04-11 10:39:09', 'A50', 23000),
(632, '2016-04-11 10:39:09', 'A51', 23000),
(633, '2016-04-11 10:39:09', 'A52', 23000),
(634, '2016-04-11 10:39:09', 'A53', 23000),
(635, '2016-04-11 10:39:09', 'A54', 23000),
(636, '2016-04-11 10:39:09', 'A55', 23000),
(637, '2016-04-11 10:39:09', 'A56', 23000),
(638, '2016-04-11 10:39:09', 'A57', 35000),
(639, '2016-04-11 10:39:09', 'A58', 35000),
(640, '2016-04-11 10:39:09', 'A59', 35000),
(641, '2016-04-11 10:39:09', 'A60', 35000),
(642, '2016-04-11 10:39:10', 'A61', 35000),
(643, '2016-04-11 10:39:10', 'A62', 23000),
(644, '2016-04-11 10:39:10', 'A63', 23000),
(645, '2016-04-11 10:39:10', 'A64', 23000),
(646, '2016-04-11 10:39:10', 'A65', 23000),
(647, '2016-04-11 10:39:10', 'A66', 23000),
(648, '2016-04-11 10:39:10', 'A67', 23000),
(649, '2016-04-11 10:39:10', 'A68', 23000),
(650, '2016-04-11 10:39:10', 'A69', 23000),
(651, '2016-04-11 10:39:10', 'A70', 23000),
(652, '2016-04-11 10:39:10', 'A71', 23000),
(653, '2016-04-11 10:39:10', 'A72', 23000),
(654, '2016-04-11 10:39:10', 'A73', 23000),
(655, '2016-04-11 10:39:10', 'A74', 30000),
(656, '2016-04-11 10:39:11', 'A75', 30000),
(657, '2016-04-11 10:39:11', 'A76', 40000),
(658, '2016-04-11 10:39:11', 'A77', 60000),
(659, '2016-04-11 10:39:11', 'A78', 60000),
(660, '2016-04-11 10:39:11', 'A79', 70000),
(661, '2016-04-11 10:39:11', 'A80', 85000),
(662, '2016-04-11 10:39:11', 'A81', 85000),
(663, '2016-04-11 10:39:11', 'A82', 120000),
(664, '2016-04-11 10:39:11', 'A83', 120000),
(665, '2016-04-11 10:39:11', 'A84', 120000),
(666, '2016-04-11 10:39:11', 'A85', 120000),
(667, '2016-04-11 10:39:11', 'A86', 30000),
(668, '2016-04-11 10:39:11', 'A87', 30000),
(669, '2016-04-11 10:39:11', 'A88', 30000),
(670, '2016-04-11 10:39:11', 'A89', 30000),
(671, '2016-04-11 10:39:11', 'A90', 30000),
(672, '2016-04-11 10:39:11', 'A91', 30000),
(673, '2016-04-11 10:39:11', 'A92', 30000),
(674, '2016-04-11 10:39:11', 'A93', 30000),
(675, '2016-04-11 10:39:11', 'A94', 35000),
(676, '2016-04-11 10:39:12', 'A95', 35000),
(677, '2016-04-11 10:39:12', 'A96', 35000),
(678, '2016-04-11 10:39:12', 'A97', 35000),
(679, '2016-04-11 10:39:12', 'A98', 35000),
(680, '2016-04-11 10:39:12', 'A99', 40000),
(681, '2016-04-11 10:39:12', 'A100', 40000),
(682, '2016-04-11 10:39:12', 'A101', 40000),
(683, '2016-04-11 10:39:12', 'A102', 40000),
(684, '2016-04-11 10:39:12', 'A103', 40000),
(685, '2016-04-11 10:39:12', 'A104', 50000),
(686, '2016-04-11 10:39:12', 'A105', 50000),
(687, '2016-04-11 10:39:12', 'A106', 50000),
(688, '2016-04-11 10:39:12', 'A107', 50000),
(689, '2016-04-11 10:39:12', 'A108', 50000),
(690, '2016-04-11 10:39:12', 'A109', 65000),
(691, '2016-04-11 10:39:12', 'A110', 65000),
(692, '2016-04-11 10:39:13', 'A111', 65000),
(693, '2016-04-11 10:39:13', 'A112', 65000),
(694, '2016-04-11 10:39:13', 'A113', 65000),
(695, '2016-04-11 10:39:13', 'A114', 65000),
(696, '2016-04-11 10:39:13', 'A115', 65000),
(697, '2016-04-11 10:39:13', 'A116', 65000),
(698, '2016-04-11 10:39:13', 'A117', 65000),
(699, '2016-04-11 10:39:13', 'A118', 65000),
(700, '2016-04-11 10:39:13', 'A119', 65000),
(701, '2016-04-11 10:39:13', 'A120', 65000),
(702, '2016-04-11 10:39:13', 'A121', 80000),
(703, '2016-04-11 10:39:13', 'A122', 80000),
(704, '2016-04-11 10:39:13', 'A123', 80000),
(705, '2016-04-11 10:39:13', 'A124', 80000),
(706, '2016-04-11 10:39:14', 'A125', 100000),
(707, '2016-04-11 10:39:14', 'A126', 120000),
(708, '2016-04-11 10:39:14', 'A127', 110000),
(709, '2016-04-11 10:39:14', 'A128', 120000),
(710, '2016-04-11 10:39:14', 'A129', 130000),
(711, '2016-04-11 10:39:14', 'A130', 115000),
(712, '2016-04-11 10:39:14', 'A131', 65000),
(713, '2016-04-11 10:39:14', 'A132', 65000),
(714, '2016-04-11 10:39:14', 'A133', 50000),
(715, '2016-04-11 10:39:14', 'A134', 65000),
(716, '2016-04-11 10:39:14', 'A135', 65000),
(717, '2016-04-11 10:39:14', 'A136', 65000),
(718, '2016-04-11 10:39:14', 'A137', 65000),
(719, '2016-04-11 10:39:14', 'A138', 65000),
(720, '2016-04-11 10:39:14', 'A139', 65000),
(721, '2016-04-11 10:39:14', 'A140', 80000),
(722, '2016-04-11 10:39:14', 'A141', 100000),
(723, '2016-04-11 10:39:14', 'A142', 65000),
(724, '2016-04-11 10:39:15', 'A143', 65000),
(725, '2016-04-11 10:39:15', 'A144', 130000),
(726, '2016-04-11 10:39:15', 'A145', 130000),
(727, '2016-04-11 10:39:15', 'A146', 130000),
(728, '2016-04-11 10:39:15', 'A147', 45000),
(729, '2016-04-11 10:39:15', 'A148', 45000),
(730, '2016-04-11 10:39:15', 'A149', 45000),
(731, '2016-04-11 10:39:15', 'A150', 45000),
(732, '2016-04-11 10:39:15', 'A151', 45000),
(733, '2016-04-11 10:39:15', 'A152', 45000),
(734, '2016-04-11 10:39:15', 'A153', 45000),
(735, '2016-04-11 10:39:15', 'A154', 45000),
(736, '2016-04-11 10:39:15', 'A155', 45000),
(737, '2016-04-11 10:39:15', 'A156', 45000),
(738, '2016-04-11 10:39:15', 'A157', 45000),
(739, '2016-04-11 10:39:15', 'A158', 45000),
(740, '2016-04-11 10:39:15', 'A159', 45000),
(741, '2016-04-11 10:39:16', 'A160', 45000),
(742, '2016-04-11 10:39:16', 'A161', 45000),
(743, '2016-04-11 10:39:16', 'A162', 45000),
(744, '2016-04-11 10:39:16', 'A163', 45000),
(745, '2016-04-11 10:39:16', 'A164', 45000),
(746, '2016-04-11 10:39:16', 'A165', 45000),
(747, '2016-04-11 10:39:16', 'A166', 50000),
(748, '2016-04-11 10:39:16', 'A167', 50000),
(749, '2016-04-11 10:39:16', 'A168', 50000),
(750, '2016-04-11 10:39:16', 'A169', 50000),
(751, '2016-04-11 10:39:16', 'A170', 50000),
(752, '2016-04-11 10:39:16', 'A171', 50000),
(753, '2016-04-11 10:39:16', 'A172', 50000),
(754, '2016-04-11 10:39:16', 'A173', 50000),
(755, '2016-04-11 10:39:16', 'A174', 50000),
(756, '2016-04-11 10:39:16', 'A175', 50000),
(757, '2016-04-11 10:39:16', 'A176', 50000),
(758, '2016-04-11 10:39:17', 'A177', 50000),
(759, '2016-04-11 10:39:17', 'A178', 50000),
(760, '2016-04-11 10:39:17', 'A179', 50000),
(761, '2016-04-11 10:39:17', 'A180', 50000),
(762, '2016-04-11 10:39:17', 'A181', 50000),
(763, '2016-04-11 10:39:17', 'A182', 50000),
(764, '2016-04-11 10:39:17', 'A183', 50000),
(765, '2016-04-11 10:39:17', 'A184', 50000),
(766, '2016-04-11 10:39:17', 'A185', 50000),
(767, '2016-04-11 10:39:17', 'A186', 50000),
(768, '2016-04-11 10:39:17', 'A187', 50000),
(769, '2016-04-11 10:39:17', 'A188', 50000),
(770, '2016-04-11 10:39:17', 'A189', 50000),
(771, '2016-04-11 10:39:17', 'A190', 50000),
(772, '2016-04-11 10:39:17', 'A191', 50000),
(773, '2016-04-11 10:39:17', 'A192', 50000),
(774, '2016-04-11 10:39:17', 'A193', 50000),
(775, '2016-04-11 10:39:17', 'A194', 50000),
(776, '2016-04-11 10:39:18', 'A195', 50000),
(777, '2016-04-11 10:39:18', 'A196', 50000),
(778, '2016-04-11 10:39:18', 'A197', 50000),
(779, '2016-04-11 10:39:18', 'A198', 50000),
(780, '2016-04-11 10:39:18', 'A199', 50000),
(781, '2016-04-11 10:39:18', 'A200', 50000),
(782, '2016-04-11 10:39:18', 'A201', 50000),
(783, '2016-04-11 10:39:18', 'A202', 80000),
(784, '2016-04-11 10:39:18', 'A203', 50000),
(785, '2016-04-11 10:39:18', 'A204', 50000),
(786, '2016-04-11 10:39:18', 'A205', 80000),
(787, '2016-04-11 10:39:18', 'A206', 80000),
(788, '2016-04-11 10:39:18', 'A207', 80000),
(789, '2016-04-11 10:39:18', 'A208', 80000),
(790, '2016-04-11 10:39:18', 'A209', 80000),
(791, '2016-04-11 10:39:18', 'A210', 80000),
(792, '2016-04-11 10:39:19', 'A211', 80000),
(793, '2016-04-11 10:39:19', 'A212', 50000),
(794, '2016-04-11 10:39:19', 'A213', 50000),
(795, '2016-04-11 10:39:19', 'A214', 50000),
(796, '2016-04-11 10:39:19', 'A215', 50000),
(797, '2016-04-11 10:39:19', 'A216', 45000),
(798, '2016-04-11 10:39:19', 'A217', 45000),
(799, '2016-04-11 10:39:19', 'A218', 45000),
(800, '2016-04-11 10:39:19', 'A219', 55000),
(801, '2016-04-11 10:39:19', 'A220', 19000),
(802, '2016-04-11 10:39:19', 'A221', 19000),
(803, '2016-04-11 10:39:19', 'A222', 19000),
(804, '2016-04-11 10:39:19', 'A223', 19000),
(805, '2016-04-11 10:39:19', 'A224', 19000),
(806, '2016-04-11 10:39:19', 'A225', 19000),
(807, '2016-04-11 10:39:19', 'A226', 19000),
(808, '2016-04-11 10:39:19', 'A227', 19000),
(809, '2016-04-11 10:39:19', 'A228', 19000),
(810, '2016-04-11 10:39:20', 'A229', 19000),
(811, '2016-04-11 10:39:20', 'A230', 19000),
(812, '2016-04-11 10:39:20', 'A231', 19000),
(813, '2016-04-11 10:39:20', 'A232', 19000),
(814, '2016-04-11 10:39:20', 'A233', 19000),
(815, '2016-04-11 10:39:20', 'A234', 19000),
(816, '2016-04-11 10:39:20', 'A235', 19000),
(817, '2016-04-11 10:39:20', 'A236', 19000),
(818, '2016-04-11 10:39:20', 'A237', 19000),
(819, '2016-04-11 10:39:20', 'A238', 19000),
(820, '2016-04-11 10:39:20', 'A239', 19000),
(821, '2016-04-11 10:39:20', 'A240', 19000),
(822, '2016-04-11 10:39:20', 'A241', 21000),
(823, '2016-04-11 10:39:20', 'A242', 35000),
(824, '2016-04-11 10:39:20', 'A243', 35000),
(825, '2016-04-11 10:39:20', 'A244', 19000),
(826, '2016-04-11 10:39:20', 'A245', 19000),
(827, '2016-04-11 10:39:20', 'A246', 19000),
(828, '2016-04-11 10:39:20', 'A247', 40000),
(829, '2016-04-11 10:39:21', 'A248', 40000),
(830, '2016-04-11 10:39:21', 'A249', 40000),
(831, '2016-04-11 10:39:21', 'A250', 40000),
(832, '2016-04-11 10:39:21', 'A251', 40000),
(833, '2016-04-11 10:39:21', 'A252', 40000),
(834, '2016-04-11 10:39:21', 'A253', 40000),
(835, '2016-04-11 10:39:21', 'A254', 40000),
(836, '2016-04-11 10:39:21', 'A255', 40000),
(837, '2016-04-11 10:39:21', 'A256', 40000),
(838, '2016-04-11 10:39:21', 'A257', 40000),
(839, '2016-04-11 10:39:21', 'A258', 40000),
(840, '2016-04-11 10:39:21', 'A259', 30000),
(841, '2016-04-11 10:39:21', 'A260', 30000),
(842, '2016-04-11 10:39:21', 'A261', 35000),
(843, '2016-04-11 10:39:21', 'A262', 60000),
(844, '2016-04-11 10:39:21', 'A263', 70000),
(845, '2016-04-11 10:39:21', 'A264', 70000),
(846, '2016-04-11 10:39:21', 'A265', 75000),
(847, '2016-04-11 10:39:22', 'A266', 40000),
(848, '2016-04-11 10:39:22', 'A267', 40000),
(849, '2016-04-11 10:39:22', 'A268', 40000),
(850, '2016-04-11 10:39:22', 'A269', 40000),
(851, '2016-04-11 10:39:22', 'A270', 40000),
(852, '2016-04-11 10:39:22', 'A271', 45000),
(853, '2016-04-11 10:39:22', 'A272', 45000),
(854, '2016-04-11 10:39:22', 'A273', 25000),
(855, '2016-04-11 10:39:22', 'A274', 25000),
(856, '2016-04-11 10:39:22', 'A275', 25000),
(857, '2016-04-11 10:39:22', 'A276', 25000),
(858, '2016-04-11 10:39:22', 'A277', 30000),
(859, '2016-04-11 10:39:22', 'A278', 30000),
(860, '2016-04-11 10:39:22', 'A279', 30000),
(861, '2016-04-11 10:39:22', 'A280', 30000),
(862, '2016-04-11 10:39:22', 'A281', 30000),
(863, '2016-04-11 10:39:22', 'A282', 30000),
(864, '2016-04-11 10:39:22', 'A283', 30000),
(865, '2016-04-11 10:39:22', 'A284', 35000),
(866, '2016-04-11 10:39:23', 'A285', 40000),
(867, '2016-04-11 10:39:23', 'A286', 40000),
(868, '2016-04-11 10:39:23', 'A287', 40000),
(869, '2016-04-11 10:39:23', 'A288', 40000),
(870, '2016-04-11 10:39:23', 'A289', 40000),
(871, '2016-04-11 10:39:23', 'A290', 40000),
(872, '2016-04-11 10:39:23', 'A291', 40000),
(873, '2016-04-11 10:39:23', 'A292', 40000),
(874, '2016-04-11 10:39:23', 'A293', 40000),
(875, '2016-04-11 10:39:23', 'A294', 40000),
(876, '2016-04-11 10:39:23', 'A295', 40000),
(877, '2016-04-11 10:39:23', 'A296', 55000),
(878, '2016-04-11 10:39:23', 'A297', 55000),
(879, '2016-04-11 10:39:23', 'A298', 55000),
(880, '2016-04-11 10:39:23', 'A299', 55000),
(881, '2016-04-11 10:39:23', 'A300', 55000),
(882, '2016-04-11 10:39:23', 'A301', 55000),
(883, '2016-04-11 10:39:23', 'A302', 55000),
(884, '2016-04-11 10:39:23', 'A303', 44000),
(885, '2016-04-11 10:39:24', 'A304', 44000),
(886, '2016-04-11 10:39:24', 'A305', 44000),
(887, '2016-04-11 10:39:24', 'A306', 45000),
(888, '2016-04-11 10:39:24', 'A307', 0),
(889, '2016-04-11 10:39:24', 'A308', 60000),
(891, '2016-04-11 10:39:24', 'A310', 40000),
(892, '2016-04-11 10:39:24', 'A311', 70000),
(894, '2016-04-11 10:39:24', 'A313', 60000),
(895, '2016-04-11 10:39:24', 'A314', 35000),
(896, '2016-04-11 10:39:24', 'A315', 40000),
(897, '2016-04-11 10:39:24', 'A316', 70000),
(898, '2016-04-11 10:39:24', 'A317', 30000),
(899, '2016-04-11 10:39:24', 'A318', 6750),
(900, '2016-04-11 10:39:25', 'A319', 6750),
(901, '2016-04-11 10:39:25', 'A320', 6750),
(902, '2016-04-11 10:39:25', 'A321', 6750),
(903, '2016-04-11 10:39:25', 'A322', 6750),
(904, '2016-04-11 10:39:25', 'A323', 6750),
(905, '2016-04-11 10:39:25', 'A324', 6750),
(906, '2016-04-11 10:39:25', 'A325', 6750),
(907, '2016-04-11 10:39:25', 'A326', 6750),
(908, '2016-04-11 10:39:25', 'A327', 6750),
(909, '2016-04-11 10:39:25', 'A328', 6750),
(910, '2016-04-11 10:39:25', 'A329', 6750),
(911, '2016-04-11 10:39:25', 'A330', 6750),
(912, '2016-04-11 10:39:25', 'A331', 6750),
(913, '2016-04-11 10:39:25', 'A332', 6750),
(914, '2016-04-11 10:39:25', 'A333', 6750),
(915, '2016-04-11 10:39:25', 'A334', 6750),
(916, '2016-04-11 10:39:25', 'A335', 6750),
(917, '2016-04-11 10:39:25', 'A336', 6750),
(918, '2016-04-11 10:39:26', 'A337', 6750),
(919, '2016-04-11 10:39:26', 'A338', 6750),
(920, '2016-04-11 10:39:26', 'A339', 6750),
(921, '2016-04-11 10:39:26', 'A340', 6750),
(922, '2016-04-11 10:39:26', 'A341', 6750),
(923, '2016-04-11 10:39:26', 'A342', 6750),
(924, '2016-04-11 10:39:26', 'A343', 67500),
(925, '2016-04-11 10:39:26', 'A344', 67500),
(926, '2016-04-11 10:39:26', 'A345', 13000),
(927, '2016-04-11 10:39:26', 'A346', 13000),
(928, '2016-04-11 10:39:26', 'A347', 13000),
(929, '2016-04-11 10:39:26', 'A348', 30000),
(930, '2016-04-11 10:39:26', 'A349', 50000),
(931, '2016-04-11 10:39:26', 'A350', 62500),
(932, '2016-04-11 10:39:26', 'A351', 62000),
(933, '2016-04-11 10:39:26', 'A352', 62500),
(934, '2016-04-11 10:39:26', 'A353', 65000),
(935, '2016-04-11 10:39:26', 'A354', 62500),
(936, '2016-04-11 10:39:27', 'A355', 55000),
(937, '2016-04-11 10:39:27', 'A356', 55000),
(938, '2016-04-11 10:39:27', 'A357', 40000),
(939, '2016-04-11 10:39:27', 'A358', 60000),
(940, '2016-04-11 10:39:27', 'A359', 60000),
(941, '2016-04-11 10:39:27', 'A360', 60000),
(942, '2016-04-11 10:39:27', 'A361', 60000),
(943, '2016-04-11 10:39:27', 'A362', 65000),
(944, '2016-04-11 10:39:27', 'A363', 65000),
(945, '2016-04-11 10:39:27', 'A364', 0),
(946, '2016-04-11 10:39:27', 'A365', 65000),
(947, '2016-04-11 10:39:27', 'A366', 55000),
(948, '2016-04-11 10:39:27', 'A367', 42500),
(949, '2016-04-11 10:39:27', 'A368', 35000),
(950, '2016-04-11 10:39:27', 'A369', 35000),
(951, '2016-04-11 10:39:27', 'A370', 36000),
(952, '2016-04-11 10:39:27', 'A371', 35000),
(953, '2016-04-11 10:39:28', 'A372', 35000),
(954, '2016-04-11 10:39:28', 'A373', 45000),
(955, '2016-04-11 10:39:28', 'A374', 95000),
(956, '2016-04-11 10:39:28', 'A375', 39000),
(957, '2016-04-11 10:39:28', 'A376', 45000),
(958, '2016-04-11 10:39:28', 'A377', 17000),
(959, '2016-04-11 10:39:28', 'A378', 32500),
(960, '2016-04-11 10:39:28', 'A379', 62500),
(961, '2016-04-11 10:39:28', 'A380', 625000),
(962, '2016-04-11 10:39:28', 'A381', 85000),
(963, '2016-04-11 10:39:28', 'A382', 105000),
(964, '2016-04-11 10:39:28', 'A383', 8500),
(965, '2016-04-11 10:39:28', 'A384', 8500),
(966, '2016-04-11 10:39:28', 'A385', 8500),
(967, '2016-04-11 10:39:28', 'A386', 8500),
(968, '2016-04-11 10:39:28', 'A387', 8500),
(969, '2016-04-11 10:39:28', 'A388', 8500),
(970, '2016-04-11 10:39:28', 'A389', 12000),
(971, '2016-04-11 10:39:29', 'A390', 12000),
(972, '2016-04-11 10:39:29', 'A391', 3750),
(973, '2016-04-11 10:39:29', 'A392', 8000),
(974, '2016-04-11 10:39:29', 'A393', 7500),
(975, '2016-04-11 10:39:29', 'A394', 10000),
(976, '2016-04-11 10:39:29', 'A395', 10000),
(977, '2016-04-11 10:39:29', 'A396', 8000),
(978, '2016-04-11 10:39:29', 'A397', 11000),
(979, '2016-04-11 10:39:29', 'A398', 11000),
(980, '2016-04-11 10:39:29', 'A399', 10500),
(981, '2016-04-11 10:39:29', 'A400', 10000),
(982, '2016-04-11 10:39:29', 'A401', 12000),
(983, '2016-04-11 10:39:29', 'A402', 12000),
(984, '2016-04-11 10:39:29', 'A403', 2500),
(985, '2016-04-11 10:39:29', 'A404', 3000),
(986, '2016-04-11 10:39:30', 'A405', 6000),
(987, '2016-04-11 10:39:30', 'A406', 4500),
(988, '2016-04-11 10:39:30', 'A407', 6500),
(989, '2016-04-11 10:39:30', 'A408', 2500),
(990, '2016-04-11 10:39:30', 'A409', 2750),
(991, '2016-04-11 10:39:30', 'A410', 4500),
(992, '2016-04-11 10:39:30', 'A411', 4000),
(993, '2016-04-11 10:39:30', 'A412', 7000),
(994, '2016-04-11 10:39:30', 'A413', 12000),
(995, '2016-04-11 10:39:30', 'A414', 10000),
(996, '2016-04-11 10:39:30', 'A415', 7500),
(997, '2016-04-11 10:39:30', 'A416', 2000),
(998, '2016-04-11 10:39:30', 'A417', 4000),
(999, '2016-04-11 10:39:30', 'A418', 6750),
(1000, '2016-04-11 10:39:30', 'A419', 8500),
(1001, '2016-04-11 10:39:30', 'A420', 3500),
(1002, '2016-04-11 10:39:30', 'A421', 3000),
(1003, '2016-04-11 10:39:30', 'A422', 4500),
(1004, '2016-04-11 10:39:30', 'A423', 2500),
(1005, '2016-04-11 10:39:31', 'A424', 2500),
(1006, '2016-04-11 10:39:31', 'A425', 5000),
(1007, '2016-04-11 10:39:31', 'A426', 3000),
(1008, '2016-04-11 10:39:31', 'A427', 0),
(1009, '2016-04-11 10:39:31', 'A428', 4500),
(1010, '2016-04-11 10:39:31', 'A429', 5750),
(1011, '2016-04-11 10:39:31', 'A430', 5750),
(1012, '2016-04-11 10:39:31', 'A431', 6750),
(1013, '2016-04-11 10:39:31', 'A432', 6750),
(1014, '2016-04-11 10:39:31', 'A433', 6750),
(1015, '2016-04-11 10:39:31', 'A434', 6750),
(1016, '2016-04-11 10:39:31', 'A435', 6750),
(1017, '2016-04-11 10:39:31', 'A436', 6750),
(1018, '2016-04-11 10:39:31', 'A437', 6750),
(1019, '2016-04-11 10:39:31', 'A438', 6750),
(1020, '2016-04-11 10:39:31', 'A439', 6750),
(1021, '2016-04-11 10:39:32', 'A440', 6750),
(1022, '2016-04-11 10:39:32', 'A441', 6750),
(1023, '2016-04-11 10:39:32', 'A442', 6750),
(1024, '2016-04-11 10:39:32', 'A443', 6750),
(1025, '2016-04-11 10:39:32', 'A444', 6750),
(1026, '2016-04-11 10:39:32', 'A445', 6750),
(1027, '2016-04-11 10:39:32', 'A446', 6750),
(1028, '2016-04-11 10:39:32', 'A447', 6750),
(1029, '2016-04-11 10:39:32', 'A448', 6750),
(1030, '2016-04-11 10:39:32', 'A449', 6750),
(1031, '2016-04-11 10:39:32', 'A450', 8000),
(1032, '2016-04-11 10:39:32', 'A451', 8000),
(1033, '2016-04-11 10:39:32', 'A452', 8000),
(1034, '2016-04-11 10:39:32', 'A453', 9500),
(1035, '2016-04-11 10:39:33', 'A454', 12000),
(1036, '2016-04-11 10:39:33', 'A455', 12000),
(1037, '2016-04-11 10:39:33', 'A456', 9500),
(1038, '2016-04-11 10:39:33', 'A457', 12000),
(1039, '2016-04-11 10:39:33', 'A458', 12000),
(1040, '2016-04-11 10:39:33', 'A459', 12000),
(1041, '2016-04-11 10:39:33', 'A460', 12000),
(1042, '2016-04-11 10:39:33', 'A461', 12000),
(1043, '2016-04-11 10:39:33', 'A462', 12000),
(1044, '2016-04-11 10:39:33', 'A463', 12000),
(1045, '2016-04-11 10:39:33', 'A464', 12000),
(1046, '2016-04-11 10:39:33', 'A465', 12000),
(1047, '2016-04-11 10:39:33', 'A466', 12000),
(1048, '2016-04-11 10:39:33', 'A467', 12000),
(1049, '2016-04-11 10:39:33', 'A468', 12000),
(1050, '2016-04-11 10:39:33', 'A469', 12000),
(1051, '2016-04-11 10:39:33', 'A470', 13000),
(1052, '2016-04-11 10:39:34', 'A471', 15000),
(1053, '2016-04-11 10:39:34', 'A472', 28000),
(1054, '2016-04-11 10:39:34', 'A473', 28000),
(1055, '2016-04-11 10:39:34', 'A474', 28000),
(1056, '2016-04-11 10:39:34', 'A475', 28000),
(1057, '2016-04-11 10:39:34', 'A476', 20200),
(1058, '2016-04-11 10:39:34', 'A477', 20200),
(1059, '2016-04-11 10:39:34', 'A478', 22200),
(1060, '2016-04-11 10:39:34', 'A479', 42200),
(1061, '2016-04-11 10:39:34', 'A480', 38200),
(1062, '2016-04-11 10:39:34', 'A481', 53200),
(1063, '2016-04-11 10:39:34', 'A482', 0),
(1064, '2016-04-11 10:39:34', 'A483', 34000),
(1065, '2016-04-11 10:39:34', 'A484', 48000),
(1066, '2016-04-11 10:39:34', 'A485', 6800),
(1067, '2016-04-11 10:39:34', 'A486', 2000),
(1068, '2016-04-11 10:39:34', 'A487', 5750),
(1069, '2016-04-11 10:39:34', 'A488', 6500),
(1070, '2016-04-11 10:39:35', 'A489', 10500),
(1071, '2016-04-11 10:39:35', 'A490', 0),
(1072, '2016-04-11 10:39:35', 'A491', 0),
(1073, '2016-04-11 10:39:35', 'A492', 0),
(1074, '2016-04-11 10:39:35', 'A493', 0),
(1075, '2016-04-11 10:51:35', 'ADV01', 18000),
(1076, '2016-04-11 10:51:35', 'ADV02', 85000),
(1077, '2016-04-11 10:51:35', 'ADV03', 65000),
(1078, '2016-04-11 10:51:35', 'ADV04', 95000),
(1079, '2016-04-11 10:51:36', 'ADV05', 78000),
(1080, '2016-04-11 10:51:36', 'ADV06', 70000),
(1081, '2016-04-11 10:51:36', 'ADV07', 0),
(1082, '2016-04-11 10:51:36', 'ADV08', 85000),
(1083, '2016-04-11 10:51:36', 'ADV09', 94000),
(1084, '2016-04-11 10:51:36', 'ADV10', 70000),
(1085, '2016-04-11 10:51:36', 'ADV11', 110000),
(1086, '2016-04-11 10:51:36', 'ADV12', 125000),
(1087, '2016-04-11 10:51:36', 'ADV13', 100000),
(1088, '2016-04-11 10:51:36', 'ADV14', 170000),
(1089, '2016-04-11 10:51:36', 'ADV15', 143000),
(1090, '2016-04-11 10:51:36', 'ADV16', 168000),
(1091, '2016-04-11 10:51:36', 'ADV17', 120000),
(1092, '2016-04-11 10:51:36', 'ADV18', 187000),
(1093, '2016-04-11 10:51:36', 'ADV19', 173000),
(1094, '2016-04-11 10:51:36', 'ADV20', 200000),
(1095, '2016-04-11 10:51:36', 'ADV21', 185000),
(1096, '2016-04-11 10:51:37', 'ADV22', 0),
(1097, '2016-04-11 10:51:37', 'ADV23', 0),
(1098, '2016-04-11 10:51:37', 'ADV24', 0),
(1099, '2016-04-11 10:51:37', 'ADV25', 0),
(1100, '2016-04-11 10:51:37', 'ADV26', 0),
(1101, '2016-04-11 10:51:37', 'ADV27', 0),
(1102, '2016-04-11 10:51:37', 'ADV28', 0),
(1103, '2016-04-11 10:51:37', 'ADV29', 0),
(1104, '2016-04-11 10:51:37', 'ADV30', 24000),
(1105, '2016-04-11 10:51:37', 'ADV31', 24000),
(1106, '2016-04-11 10:51:37', 'ADV32', 84000),
(1107, '2016-04-11 10:51:38', 'ADV33', 94000),
(1108, '2016-04-11 10:51:38', 'ADV34', 98000),
(1109, '2016-04-11 10:51:38', 'ADV35', 105000),
(1110, '2016-04-11 10:51:38', 'ADV36', 70000),
(1111, '2016-04-11 10:51:38', 'ADV37', 88000),
(1112, '2016-04-11 10:51:38', 'ADV38', 70000),
(1113, '2016-04-11 10:51:38', 'ADV39', 78000),
(1114, '2016-04-11 10:51:38', 'ADV40', 125000),
(1115, '2016-04-11 10:51:38', 'ADV41', 130000),
(1116, '2016-04-11 10:51:38', 'ADV42', 150000),
(1117, '2016-04-11 10:51:38', 'ADV43', 135000),
(1118, '2016-04-11 10:51:38', 'ADV44', 265000),
(1119, '2016-04-11 10:51:38', 'ADV45', 165000),
(1120, '2016-04-11 10:51:38', 'ADV46', 175000),
(1121, '2016-04-11 10:51:38', 'ADV47', 195000),
(1122, '2016-04-11 10:51:38', 'ADV48', 220000),
(1123, '2016-04-11 10:51:38', 'ADV49', 255000),
(1124, '2016-04-11 10:51:38', 'ADV50', 260000),
(1125, '2016-04-11 10:51:38', 'ADV51', 250000),
(1126, '2016-04-11 10:51:39', 'ADV52', 295000),
(1127, '2016-04-11 10:51:39', 'ADV53', 260000),
(1128, '2016-04-11 10:51:39', 'ADV54', 285000),
(1129, '2016-04-11 10:51:39', 'ADV55', 360000),
(1130, '2016-04-11 10:51:39', 'ADV56', 350000),
(1131, '2016-04-11 10:51:39', 'ADV57', 445000),
(1132, '2016-04-11 10:51:39', 'ADV58', 485000),
(1133, '2016-04-11 10:51:39', 'ADV59', 520000),
(1134, '2016-04-11 10:51:39', 'ADV60', 540000),
(1135, '2016-04-11 10:51:39', 'ADV61', 550000),
(1136, '2016-04-11 10:51:39', 'ADV62', 35000),
(1137, '2016-04-11 10:51:39', 'ADV63', 36000),
(1138, '2016-04-11 10:51:39', 'ADV64', 35000),
(1139, '2016-04-11 10:51:39', 'ADV65', 29000),
(1140, '2016-04-11 10:51:40', 'ADV66', 38000),
(1141, '2016-04-11 10:51:40', 'ADV67', 102000),
(1142, '2016-04-11 10:51:40', 'ADV68', 95000),
(1143, '2016-04-11 10:51:40', 'ADV69', 97000),
(1144, '2016-04-11 10:51:40', 'ADV70', 130000),
(1145, '2016-04-11 10:51:40', 'ADV71', 80000),
(1146, '2016-04-11 10:51:40', 'ADV72', 250000),
(1148, '2016-04-11 10:51:40', 'ADV74', 170000),
(1149, '2016-04-11 10:51:40', 'ADV75', 185000),
(1150, '2016-04-11 10:51:40', 'ADV76', 260000),
(1151, '2016-04-11 10:51:40', 'ADV77', 165000),
(1153, '2016-04-11 10:51:40', 'ADV79', 96000),
(1154, '2016-04-11 10:51:40', 'ADV80', 103000),
(1155, '2016-04-11 10:51:40', 'ADV81', 103000),
(1156, '2016-04-11 10:51:40', 'ADV82', 107000),
(1157, '2016-04-11 10:51:40', 'ADV83', 66000),
(1158, '2016-04-11 10:51:40', 'ADV84', 66000),
(1159, '2016-04-11 10:51:41', 'ADV85', 66000),
(1160, '2016-04-11 10:51:41', 'ADV86', 66000),
(1161, '2016-04-11 10:51:41', 'ADV87', 165000),
(1162, '2016-04-11 10:51:41', 'ADV88', 123000),
(1163, '2016-04-11 10:51:41', 'ADV89', 38000),
(1164, '2016-04-11 10:51:41', 'ADV90', 38000),
(1165, '2016-04-11 10:51:41', 'ADV91', 500000),
(1166, '2016-04-11 10:51:41', 'ADV92', 1700),
(1167, '2016-04-11 10:51:41', 'ADV93', 2800),
(1168, '2016-04-11 10:51:41', 'ADV94', 31000),
(1169, '2016-04-11 10:51:41', 'ADV95', 34000),
(1170, '2016-04-11 10:51:41', 'ADV96', 40000),
(1171, '2016-04-11 10:51:41', 'ADV97', 8000),
(1172, '2016-04-11 10:51:41', 'ADV98', 4000),
(1173, '2016-04-11 10:51:41', 'ADV99', 2500),
(1174, '2016-04-11 10:51:41', 'ADV100', 7000),
(1175, '2016-04-11 10:51:41', 'ADV101', 20000),
(1176, '2016-04-11 10:51:41', 'ADV102', 30000),
(1177, '2016-04-11 10:51:41', 'ADV103', 25000),
(1178, '2016-04-11 10:51:42', 'ADV104', 14000),
(1179, '2016-04-11 10:51:42', 'ADV105', 9500),
(1180, '2016-04-11 10:51:42', 'ADV106', 21000),
(1181, '2016-04-11 10:51:42', 'ADV107', 21000),
(1182, '2016-04-11 10:51:42', 'ADV108', 21500),
(1183, '2016-04-11 10:51:42', 'ADV109', 21500),
(1184, '2016-04-11 10:51:42', 'ADV110', 35000),
(1185, '2016-04-11 10:51:42', 'ADV111', 11000),
(1186, '2016-04-11 10:51:42', 'ADV112', 11000),
(1187, '2016-04-11 10:51:42', 'ADV113', 11000),
(1188, '2016-04-11 10:51:42', 'ADV114', 11000),
(1189, '2016-04-11 10:51:42', 'ADV115', 85000),
(1190, '2016-04-11 10:51:42', 'ADV116', 123000),
(1191, '2016-04-11 10:51:42', 'ADV117', 12500),
(1192, '2016-04-11 10:51:42', 'ADV118', 12500),
(1193, '2016-04-11 10:51:42', 'ADV119', 16000),
(1194, '2016-04-11 10:51:43', 'ADV120', 8000),
(1195, '2016-04-11 10:51:43', 'ADV121', 11000),
(1196, '2016-04-11 10:51:43', 'ADV122', 9000),
(1197, '2016-04-11 10:51:43', 'ADV123', 8300),
(1198, '2016-04-11 10:51:43', 'ADV124', 0),
(1199, '2016-04-11 10:51:43', 'ADV125', 120000),
(1200, '2016-04-11 10:51:43', 'ADV126', 210000),
(1201, '2016-04-11 10:51:43', 'ADV127', 15000),
(1202, '2016-04-11 10:51:43', 'ADV128', 18000),
(1203, '2016-04-11 10:51:43', 'ADV129', 17000),
(1204, '2016-04-11 10:51:43', 'ADV130', 17000),
(1205, '2016-04-11 10:51:43', 'ADV131', 18000),
(1206, '2016-04-11 11:04:51', 'A0001', 0),
(1207, '2016-04-11 11:05:48', 'A0002', 0),
(1208, '2016-04-11 11:06:32', 'A0003', 0),
(1209, '2016-04-11 11:09:12', 'A01', 5250),
(1210, '2016-04-11 11:10:43', 'A02', 5250),
(1211, '2016-04-11 11:15:03', 'A03', 5250),
(1212, '2016-04-11 11:16:12', 'A04', 5250),
(1213, '2016-04-11 11:16:36', 'A05', 6500),
(1214, '2016-04-11 11:18:09', 'A06', 6500),
(1215, '2016-04-11 11:18:51', 'A07', 6500),
(1216, '2016-04-11 11:19:19', 'A10', 6500),
(1217, '2016-04-11 11:20:09', 'A12', 5000),
(1218, '2016-04-11 11:20:36', 'A15', 8500),
(1219, '2016-04-11 11:22:36', 'A14', 9500),
(1220, '2016-04-11 11:24:00', 'A15', 8500),
(1221, '2016-04-11 11:28:08', 'A13', 9500),
(1222, '2016-04-11 11:28:10', 'A13', 9500),
(1223, '2016-04-11 11:28:11', 'A13', 9500),
(1224, '2016-04-11 11:30:56', 'A0004', 0),
(1225, '2016-04-11 11:31:30', 'A17', 13000),
(1226, '2016-04-11 11:32:20', 'A18', 13000),
(1227, '2016-04-11 11:33:50', 'A21', 4000),
(1228, '2016-04-11 11:59:29', 'A34', 23000),
(1229, '2016-04-11 11:59:38', 'A36', 23000),
(1230, '2016-04-11 11:59:53', 'A37', 23000),
(1231, '2016-04-11 12:00:17', 'A39', 23000),
(1232, '2016-04-11 12:00:35', 'A46', 23000),
(1233, '2016-04-11 12:00:49', 'A47', 23000),
(1234, '2016-04-11 12:01:00', 'A48', 23000),
(1235, '2016-04-11 12:01:14', 'A51', 23000),
(1236, '2016-04-11 12:01:24', 'A52', 23000),
(1237, '2016-04-11 12:01:40', 'A56', 23000),
(1238, '2016-04-11 12:01:52', 'A60', 35000),
(1239, '2016-04-11 12:02:14', 'A64', 23000),
(1240, '2016-04-11 12:02:37', 'A75', 30000),
(1241, '2016-04-11 12:02:46', 'A76', 40000),
(1242, '2016-04-11 12:02:57', 'A79', 70000),
(1243, '2016-04-11 12:03:17', 'A84', 120000),
(1244, '2016-04-11 12:06:07', 'A147', 45000),
(1245, '2016-04-11 12:07:19', 'A211', 80000),
(1246, '2016-04-11 12:07:33', 'A212', 50000),
(1247, '2016-04-11 12:07:47', 'A213', 50000),
(1248, '2016-04-11 12:10:04', 'A148', 45000),
(1249, '2016-04-11 12:10:16', 'A149', 45000),
(1250, '2016-04-11 12:10:50', 'A303', 44000),
(1251, '2016-04-11 12:11:02', 'A304', 44000),
(1252, '2016-04-11 12:12:17', 'A303', 44000),
(1253, '2016-04-11 12:12:38', 'A304', 44000),
(1254, '2016-04-11 12:13:04', 'A150', 45000),
(1255, '2016-04-11 12:13:22', 'A151', 45000),
(1256, '2016-04-11 12:13:31', 'A152', 45000),
(1257, '2016-04-11 12:13:42', 'A153', 45000),
(1258, '2016-04-11 12:13:54', 'A154', 45000),
(1259, '2016-04-11 12:14:13', 'A155', 45000),
(1260, '2016-04-11 12:14:27', 'A156', 45000),
(1261, '2016-04-11 12:14:39', 'A157', 45000),
(1262, '2016-04-11 12:14:58', 'A158', 45000),
(1263, '2016-04-11 12:15:18', 'A161', 45000),
(1264, '2016-04-11 12:15:29', 'A159', 45000),
(1265, '2016-04-11 12:15:41', 'A160', 45000),
(1266, '2016-04-11 12:15:59', 'A162', 45000),
(1267, '2016-04-11 12:16:45', 'A163', 45000),
(1268, '2016-04-11 12:16:52', 'A164', 45000),
(1269, '2016-04-11 12:17:08', 'A165', 45000),
(1270, '2016-04-11 12:19:42', 'A166', 50000),
(1271, '2016-04-11 12:19:59', 'A167', 50000),
(1272, '2016-04-11 12:20:30', 'A168', 50000),
(1273, '2016-04-11 12:22:30', 'A169', 50000),
(1274, '2016-04-11 12:22:41', 'A170', 50000),
(1275, '2016-04-11 12:22:50', 'A171', 50000),
(1276, '2016-04-11 12:23:01', 'A172', 50000),
(1277, '2016-04-11 12:23:15', 'A173', 50000),
(1278, '2016-04-11 12:23:25', 'A174', 50000),
(1279, '2016-04-11 12:23:38', 'A175', 50000),
(1280, '2016-04-11 12:24:00', 'A176', 50000),
(1281, '2016-04-11 12:24:29', 'A177', 50000),
(1282, '2016-04-11 12:24:37', 'A178', 50000),
(1283, '2016-04-11 12:24:48', 'A179', 50000),
(1284, '2016-04-11 12:25:08', 'A180', 50000),
(1285, '2016-04-11 12:25:28', 'A181', 50000),
(1286, '2016-04-11 12:25:37', 'A182', 50000),
(1287, '2016-04-11 12:25:47', 'A183', 50000),
(1288, '2016-04-11 12:27:45', 'A184', 50000),
(1289, '2016-04-11 12:27:59', 'A185', 50000),
(1290, '2016-04-11 12:28:09', 'A186', 50000),
(1291, '2016-04-11 12:28:24', 'A187', 50000),
(1292, '2016-04-11 12:28:34', 'A188', 50000),
(1293, '2016-04-11 12:28:56', 'A189', 50000),
(1294, '2016-04-11 12:29:08', 'A190', 50000),
(1295, '2016-04-11 12:29:23', 'A191', 50000),
(1296, '2016-04-11 12:29:39', 'A192', 50000),
(1297, '2016-04-11 12:29:49', 'A193', 50000),
(1298, '2016-04-11 12:29:57', 'A194', 50000),
(1299, '2016-04-11 12:30:12', 'A195', 50000),
(1300, '2016-04-11 12:30:26', 'A196', 50000),
(1301, '2016-04-11 12:30:38', 'A197', 50000),
(1302, '2016-04-11 12:30:55', 'A198', 50000),
(1303, '2016-04-11 12:31:32', 'A199', 50000),
(1304, '2016-04-11 12:31:42', 'A200', 50000),
(1305, '2016-04-11 12:31:59', 'A201', 50000),
(1306, '2016-04-11 12:32:17', 'A202', 80000),
(1307, '2016-04-11 12:32:48', 'A203', 50000),
(1308, '2016-04-11 12:32:57', 'A204', 50000),
(1309, '2016-04-11 12:33:09', 'A205', 80000),
(1310, '2016-04-11 12:33:21', 'A206', 80000),
(1311, '2016-04-11 12:33:44', 'A207', 80000),
(1312, '2016-04-11 12:35:31', 'A208', 80000),
(1313, '2016-04-11 12:35:41', 'A209', 80000),
(1314, '2016-04-11 12:35:51', 'A210', 80000),
(1315, '2016-04-11 12:36:21', 'A214', 50000),
(1316, '2016-04-11 12:36:40', 'A215', 50000),
(1317, '2016-04-11 12:36:55', 'A216', 45000),
(1318, '2016-04-11 12:37:40', 'A217', 45000),
(1319, '2016-04-11 12:37:53', 'A218', 45000),
(1320, '2016-04-11 12:38:05', 'A219', 55000),
(1321, '2016-04-11 12:43:59', 'A168', 50000),
(1322, '2016-04-11 12:44:18', 'A172', 50000),
(1323, '2016-04-12 09:47:07', 'A60', 35000),
(1324, '2016-04-12 09:47:20', 'A58', 35000),
(1325, '2016-04-12 09:47:39', 'A64', 23000),
(1326, '2016-04-12 09:48:35', 'A75', 30000),
(1328, '2016-04-12 09:55:24', 'A86', 30000),
(1329, '2016-04-12 09:55:59', 'A87', 30000),
(1330, '2016-04-12 09:56:32', 'A96', 35000),
(1331, '2016-04-12 09:56:55', 'A98', 35000),
(1332, '2016-04-12 09:57:18', 'A99', 40000),
(1333, '2016-04-12 09:57:48', 'A101', 40000),
(1334, '2016-04-12 09:58:14', 'A103', 40000),
(1335, '2016-04-12 09:58:34', 'A105', 50000),
(1336, '2016-04-12 09:58:51', 'A107', 50000),
(1337, '2016-04-12 09:59:15', 'A119', 65000),
(1338, '2016-04-12 09:59:56', 'A120', 65000),
(1339, '2016-04-12 10:04:37', 'A168', 50000),
(1340, '2016-04-12 10:05:46', 'A172', 50000),
(1341, '2016-04-12 10:06:18', 'A174', 50000),
(1342, '2016-04-12 10:07:02', 'A175', 50000),
(1343, '2016-04-12 10:07:19', 'A176', 50000),
(1344, '2016-04-12 10:07:33', 'A178', 50000),
(1345, '2016-04-12 10:07:48', 'A205', 80000),
(1346, '2016-04-12 10:08:05', 'A216', 45000),
(1347, '2016-04-12 10:08:40', 'A218', 45000),
(1348, '2016-04-12 10:09:12', 'A219', 55000),
(1349, '2016-04-12 10:09:35', 'A221', 19000),
(1350, '2016-04-12 10:09:58', 'A226', 19000),
(1351, '2016-04-12 10:10:39', 'A233', 19000),
(1352, '2016-04-12 10:10:59', 'A234', 19000),
(1353, '2016-04-12 10:11:20', 'A236', 19000),
(1354, '2016-04-12 10:11:51', 'A237', 19000),
(1355, '2016-04-12 10:12:11', 'A257', 40000),
(1356, '2016-04-12 10:13:49', 'DX1', 30000),
(1357, '2016-04-12 10:14:40', 'DX1', 30000),
(1358, '2016-04-12 10:15:38', 'A897', 35000),
(1359, '2016-04-12 10:16:18', 'A899', 75000),
(1360, '2016-04-12 10:16:47', 'A285', 40000),
(1361, '2016-04-12 10:17:12', 'A307', 0),
(1362, '2016-04-12 10:17:32', 'A318', 6750),
(1363, '2016-04-12 10:17:45', 'A319', 6750),
(1364, '2016-04-12 10:17:58', 'A320', 6750),
(1365, '2016-04-12 10:18:10', 'A322', 6750),
(1366, '2016-04-12 10:18:30', 'A331', 6750),
(1367, '2016-04-12 10:19:07', 'A347', 13000),
(1368, '2016-04-12 10:19:32', 'A348', 30000),
(1369, '2016-04-12 10:19:44', 'A400', 10000),
(1370, '2016-04-12 10:20:01', 'A401', 12000),
(1371, '2016-04-12 10:20:28', 'A403', 2500),
(1372, '2016-04-12 10:21:11', 'A411', 4000),
(1373, '2016-04-12 10:21:34', 'A415', 7500),
(1374, '2016-04-12 10:21:52', 'A418', 6750),
(1375, '2016-04-12 10:22:14', 'A421', 3000),
(1376, '2016-04-12 10:22:36', 'A423', 2500),
(1377, '2016-04-12 10:24:16', 'A900', 4000),
(1378, '2016-04-12 10:24:49', 'A422', 3500),
(1379, '2016-04-12 10:25:11', 'A429', 5750),
(1380, '2016-04-12 10:25:25', 'A431', 6750),
(1381, '2016-04-12 10:25:36', 'A432', 6750),
(1382, '2016-04-12 10:25:48', 'A433', 6750),
(1383, '2016-04-12 10:25:59', 'A435', 6750),
(1384, '2016-04-12 10:26:12', 'A436', 6750),
(1385, '2016-04-12 10:26:22', 'A438', 6750),
(1386, '2016-04-12 10:26:33', 'A441', 6750),
(1387, '2016-04-12 10:26:48', 'A442', 6750),
(1388, '2016-04-12 10:27:09', 'A446', 6750),
(1389, '2016-04-12 10:27:30', 'A447', 6750),
(1390, '2016-04-12 10:27:46', 'A448', 6750),
(1391, '2016-04-12 10:27:54', 'A449', 6750),
(1392, '2016-04-12 10:28:12', 'A450', 8000),
(1393, '2016-04-12 10:28:21', 'A452', 8000),
(1394, '2016-04-12 10:28:44', 'A456', 9500),
(1395, '2016-04-12 10:28:55', 'A458', 12000),
(1396, '2016-04-12 10:29:07', 'A461', 12000),
(1397, '2016-04-12 10:29:18', 'A463', 12000),
(1398, '2016-04-12 10:29:29', 'A464', 12000),
(1399, '2016-04-12 10:29:42', 'A465', 12000),
(1400, '2016-04-12 10:29:53', 'A466', 12000),
(1401, '2016-04-12 10:30:02', 'A468', 12000),
(1402, '2016-04-12 10:30:15', 'A469', 12000),
(1403, '2016-04-12 10:31:38', 'A901', 12000),
(1404, '2016-04-12 10:32:02', 'A476', 20200),
(1405, '2016-04-12 10:32:27', 'A478', 22200),
(1406, '2016-04-12 10:32:53', 'A479', 42200),
(1407, '2016-04-12 10:34:26', 'A26', 1000),
(1408, '2016-04-12 10:34:40', 'A27', 2500),
(1409, '2016-04-12 10:34:49', 'A28', 4500),
(1410, '2016-04-12 10:35:02', 'A29', 5500),
(1411, '2016-04-12 10:35:13', 'A30', 2000),
(1412, '2016-04-12 10:35:38', 'A490', 0),
(1413, '2016-04-12 10:35:47', 'A491', 0),
(1414, '2016-04-12 10:35:59', 'A492', 0),
(1415, '2016-04-12 10:36:10', 'A493', 0),
(1416, '2016-04-12 10:40:08', 'A316', 70000),
(1417, '2016-04-12 10:40:21', 'A314', 35000),
(1418, '2016-04-12 10:48:33', 'A903', 30000),
(1419, '2016-04-12 10:50:16', 'A316', 70000),
(1420, '2016-04-12 10:52:36', 'A904', 0),
(1421, '2016-04-12 10:52:52', 'A20', 7000),
(1422, '2016-04-12 10:53:54', 'A11', 5500),
(1423, '2016-04-12 10:54:18', 'A20', 7000),
(1424, '2016-04-12 10:55:08', 'A03', 5250),
(1425, '2016-04-12 10:55:47', 'A03', 5250),
(1426, '2016-04-12 10:56:11', 'A42', 23000),
(1427, '2016-04-12 10:56:37', 'A78', 60000),
(1428, '2016-04-12 10:57:38', 'ADV01', 18000),
(1429, '2016-04-12 10:57:57', 'ADV03', 65000),
(1430, '2016-04-12 10:58:10', 'ADV04', 95000),
(1431, '2016-04-12 10:58:20', 'ADV05', 78000),
(1432, '2016-04-12 10:58:47', 'ADV07', 70000),
(1433, '2016-04-12 10:59:27', 'ADV08', 85000),
(1434, '2016-04-12 10:59:40', 'ADV09', 94000),
(1435, '2016-04-12 10:59:55', 'ADV10', 70000),
(1436, '2016-04-12 11:00:08', 'ADV11', 110000),
(1437, '2016-04-12 11:00:49', 'ADV14', 170000),
(1438, '2016-04-12 11:01:08', 'ADV17', 120000),
(1439, '2016-04-12 11:01:23', 'ADV19', 173000),
(1440, '2016-04-12 11:01:45', 'ADV20', 200000),
(1441, '2016-04-12 11:01:56', 'ADV21', 185000),
(1442, '2016-04-12 11:06:01', 'ADV32', 84000),
(1443, '2016-04-12 11:06:12', 'ADV32', 84000),
(1444, '2016-04-12 11:06:49', 'ADV33', 94000),
(1445, '2016-04-12 11:07:05', 'ADV36', 70000),
(1446, '2016-04-12 11:07:15', 'ADV37', 88000),
(1447, '2016-04-12 11:07:37', 'ADV38', 70000),
(1448, '2016-04-12 11:07:48', 'ADV39', 78000),
(1449, '2016-04-12 11:08:06', 'ADV40', 125000),
(1450, '2016-04-12 11:08:31', 'ADV41', 130000),
(1451, '2016-04-12 11:08:51', 'ADV43', 135000),
(1452, '2016-04-12 11:09:06', 'ADV44', 265000),
(1453, '2016-04-12 11:09:24', 'ADV46', 175000),
(1454, '2016-04-12 11:10:37', 'ADV47', 195000),
(1455, '2016-04-12 11:11:02', 'ADV51', 250000),
(1456, '2016-04-12 11:12:00', 'ADV22', 0),
(1457, '2016-04-12 11:15:00', 'ADV09', 94000),
(1458, '2016-04-12 11:15:10', 'ADV23', 0),
(1459, '2016-04-12 11:15:58', 'ADV24', 0),
(1460, '2016-04-12 11:16:21', 'ADV25', 0),
(1461, '2016-04-12 11:16:54', 'ADV26', 0),
(1462, '2016-04-12 11:17:09', 'ADV27', 0),
(1464, '2016-04-12 11:18:07', 'ADV74', 170000),
(1465, '2016-04-12 12:33:47', 'A01', 5250),
(1466, '2016-04-12 12:33:59', 'A02', 5250),
(1467, '2016-04-12 12:34:08', 'A03', 5250),
(1468, '2016-04-12 12:34:19', 'A06', 6500),
(1470, '2016-04-12 12:35:29', 'A09', 6500),
(1471, '2016-04-12 12:35:54', 'A10', 6500),
(1472, '2016-04-12 12:36:24', 'A14', 9500),
(1473, '2016-04-12 12:40:21', 'A17', 13000),
(1474, '2016-04-12 12:40:49', 'A20', 7000),
(1475, '2016-04-12 12:41:08', 'A21', 4000),
(1476, '2016-04-12 12:41:47', 'A22', 25000),
(1477, '2016-04-12 12:42:16', 'A24', 12500),
(1478, '2016-04-12 12:44:18', 'A25', 12000),
(1479, '2016-04-12 12:45:20', 'A28', 4500),
(1480, '2016-04-12 12:45:32', 'A29', 5500),
(1481, '2016-04-12 12:45:43', 'A30', 2000),
(1482, '2016-04-12 12:46:24', 'A36', 23000),
(1483, '2016-04-12 12:46:37', 'A37', 23000),
(1484, '2016-04-12 12:46:55', 'A51', 23000),
(1485, '2016-04-12 12:47:17', 'A52', 23000),
(1486, '2016-04-12 12:47:32', 'A56', 23000),
(1487, '2016-04-12 12:47:46', 'A59', 35000),
(1488, '2016-04-12 12:48:02', 'A61', 35000),
(1489, '2016-04-12 12:48:20', 'A64', 23000),
(1490, '2016-04-12 12:48:43', 'A67', 23000),
(1491, '2016-04-12 12:50:21', 'A73', 23000),
(1492, '2016-04-12 12:53:10', 'A75', 30000),
(1493, '2016-04-12 12:53:48', 'A76', 40000),
(1494, '2016-04-12 12:54:20', 'A77', 60000),
(1495, '2016-04-12 12:54:35', 'A79', 70000),
(1496, '2016-04-12 12:54:56', 'A81', 85000),
(1497, '2016-04-12 12:55:15', 'A85', 120000),
(1498, '2016-04-12 12:56:02', 'A86', 30000),
(1499, '2016-04-12 12:56:17', 'A87', 30000),
(1500, '2016-04-12 12:56:30', 'A95', 35000),
(1501, '2016-04-12 12:56:56', 'A97', 35000),
(1502, '2016-04-12 12:58:43', 'A98', 35000),
(1503, '2016-04-12 12:59:07', 'A99', 40000),
(1504, '2016-04-12 12:59:28', 'A102', 40000),
(1505, '2016-04-12 12:59:45', 'A110', 65000),
(1506, '2016-04-12 13:00:07', 'A114', 65000),
(1507, '2016-04-12 13:00:25', 'A121', 80000),
(1508, '2016-04-12 13:00:46', 'A122', 80000),
(1509, '2016-04-12 13:01:05', 'ADV77', 165000),
(1510, '2016-04-12 13:01:26', 'A150', 45000),
(1512, '2016-04-12 13:01:39', 'A152', 45000),
(1513, '2016-04-12 13:01:50', 'A153', 45000),
(1514, '2016-04-12 13:02:03', 'ADV82', 107000),
(1515, '2016-04-12 13:02:09', 'A155', 45000),
(1516, '2016-04-12 13:02:26', 'ADV87', 165000),
(1517, '2016-04-12 13:02:27', 'A158', 45000),
(1518, '2016-04-12 13:03:01', 'A166', 50000),
(1519, '2016-04-12 13:03:24', 'A174', 50000),
(1520, '2016-04-12 13:04:00', 'A214', 50000),
(1521, '2016-04-12 13:04:26', 'A216', 45000),
(1522, '2016-04-12 13:04:36', 'A217', 45000),
(1523, '2016-04-12 13:04:59', 'A218', 45000),
(1524, '2016-04-12 13:05:35', 'ADV92', 1700),
(1525, '2016-04-12 13:05:36', 'A221', 19000),
(1526, '2016-04-12 13:05:45', 'A222', 19000),
(1527, '2016-04-12 13:06:14', 'A223', 19000),
(1528, '2016-04-12 13:06:17', 'ADV93', 2800),
(1529, '2016-04-12 13:06:25', 'A226', 19000),
(1530, '2016-04-12 13:06:46', 'A228', 19000),
(1531, '2016-04-12 13:06:56', 'ADV95', 34000),
(1532, '2016-04-12 13:07:09', 'A233', 19000),
(1533, '2016-04-12 13:07:26', 'A236', 19000),
(1534, '2016-04-12 13:07:35', 'ADV96', 40000),
(1535, '2016-04-12 13:07:54', 'A238', 19000),
(1536, '2016-04-12 13:09:44', 'ADV97', 8000),
(1537, '2016-04-12 13:10:17', 'ADV98', 4000),
(1538, '2016-04-12 13:12:15', 'A244', 19000),
(1539, '2016-04-12 13:12:47', 'A245', 19000),
(1540, '2016-04-12 13:13:20', 'A246', 19000),
(1541, '2016-04-12 13:13:54', 'ADV99', 2500),
(1542, '2016-04-12 13:14:33', 'ADV100', 7000),
(1543, '2016-04-12 13:14:48', 'A257', 40000),
(1544, '2016-04-12 13:15:12', 'ADV105', 9500),
(1545, '2016-04-12 13:16:36', 'ADV109', 21500),
(1546, '2016-04-12 13:16:47', 'DX1', 30000),
(1547, '2016-04-12 13:17:24', 'ADV111', 11000),
(1548, '2016-04-12 13:17:52', 'A897', 35000),
(1549, '2016-04-12 13:18:45', 'ADV114', 11000),
(1550, '2016-04-12 13:18:48', 'A308', 60000),
(1551, '2016-04-12 13:19:19', 'A273', 25000),
(1552, '2016-04-12 13:19:46', 'A274', 25000),
(1553, '2016-04-12 13:20:06', 'A276', 25000),
(1554, '2016-04-12 13:20:11', 'ADV106', 21000),
(1555, '2016-04-12 13:20:24', 'A282', 30000),
(1556, '2016-04-12 13:20:36', 'A289', 40000),
(1557, '2016-04-12 13:21:37', 'A305', 44000),
(1558, '2016-04-12 13:21:54', 'ADV27', 0),
(1559, '2016-04-12 13:23:15', 'ADV29', 0),
(1560, '2016-04-12 13:24:20', 'A345', 13000),
(1561, '2016-04-12 13:25:31', 'ADV59', 520000),
(1562, '2016-04-12 13:26:00', 'ADV60', 540000),
(1563, '2016-04-12 13:26:20', 'ADV62', 35000),
(1564, '2016-04-12 13:26:54', 'ADV63', 36000),
(1565, '2016-04-12 13:27:45', 'ADV64', 35000),
(1566, '2016-04-12 13:28:45', 'ADV66', 38000),
(1567, '2016-04-12 13:29:15', 'A345', 13000),
(1568, '2016-04-12 13:29:30', 'ADV67', 102000),
(1569, '2016-04-12 13:30:13', 'ADV68', 95000),
(1570, '2016-04-12 13:30:24', 'A348', 30000),
(1571, '2016-04-12 13:30:39', 'ADV70', 130000),
(1572, '2016-04-12 13:31:08', 'A355', 55000),
(1573, '2016-04-12 13:31:12', 'ADV71', 80000),
(1574, '2016-04-12 13:31:35', 'A375', 39000),
(1575, '2016-04-12 13:31:58', 'ADV72', 250000),
(1576, '2016-04-12 13:32:08', 'A391', 3750),
(1577, '2016-04-12 13:32:42', 'A395', 10000),
(1578, '2016-04-12 13:36:19', 'ADV120', 8000),
(1579, '2016-04-12 13:36:38', 'ADV121', 11000),
(1580, '2016-04-12 13:37:19', 'ADV122', 9000),
(1581, '2016-04-12 13:37:58', 'ADV123', 8300),
(1582, '2016-04-12 13:39:23', 'ADV125', 120000),
(1583, '2016-04-12 13:40:01', 'ADV127', 15000),
(1584, '2016-04-12 13:40:25', 'ADV128', 18000),
(1585, '2016-04-12 13:41:05', 'ADV129', 17000),
(1586, '2016-04-12 13:41:25', 'ADV130', 17000),
(1587, '2016-04-12 13:41:44', 'ADV131', 18000),
(1588, '2016-04-12 13:42:13', 'ADV124', 0),
(1589, '2016-04-12 13:52:14', 'A401', 12000),
(1590, '2016-04-12 13:53:47', 'A403', 2500),
(1591, '2016-04-12 13:54:51', 'A409', 2750),
(1592, '2016-04-12 13:57:31', 'A410', 4500),
(1593, '2016-04-12 13:57:50', 'A411', 4000),
(1594, '2016-04-12 13:59:25', 'A418', 6750),
(1595, '2016-04-12 13:59:41', 'A421', 3000),
(1596, '2016-04-12 14:00:02', 'A423', 2500),
(1597, '2016-04-12 14:00:19', 'A427', 0),
(1598, '2016-04-12 14:00:28', 'A427', 0),
(1599, '2016-04-12 14:00:55', 'A432', 6750),
(1600, '2016-04-12 14:01:05', 'A433', 6750),
(1601, '2016-04-12 14:01:14', 'A434', 6750),
(1602, '2016-04-12 14:01:29', 'A436', 6750),
(1603, '2016-04-12 14:01:47', 'A437', 6750),
(1604, '2016-04-12 14:02:05', 'A439', 6750),
(1605, '2016-04-12 14:02:14', 'A440', 6750),
(1606, '2016-04-12 14:02:25', 'A441', 6750),
(1607, '2016-04-12 14:02:39', 'A442', 6750),
(1608, '2016-04-12 14:03:01', 'A443', 6750),
(1609, '2016-04-12 14:03:19', 'A444', 6750),
(1610, '2016-04-12 14:03:32', 'A446', 6750),
(1611, '2016-04-12 14:03:49', 'A447', 6750),
(1612, '2016-04-12 14:04:06', 'A449', 6750),
(1613, '2016-04-12 14:04:16', 'A450', 8000),
(1614, '2016-04-12 14:04:28', 'A451', 8000),
(1615, '2016-04-12 14:04:34', 'A452', 8000),
(1616, '2016-04-12 14:04:53', 'A453', 9500),
(1617, '2016-04-12 14:05:04', 'A456', 9500),
(1618, '2016-04-12 14:05:23', 'A458', 12000),
(1619, '2016-04-12 14:05:36', 'A460', 12000),
(1620, '2016-04-12 14:05:49', 'A463', 12000),
(1621, '2016-04-12 14:06:12', 'A464', 12000),
(1622, '2016-04-12 14:06:23', 'A465', 12000),
(1623, '2016-04-12 14:07:26', 'A466', 12000),
(1624, '2016-04-12 14:08:52', 'A467', 12000),
(1625, '2016-04-12 14:09:16', 'A476', 20200),
(1626, '2016-04-12 14:09:35', 'A477', 20200),
(1627, '2016-04-12 14:09:58', 'A478', 22200),
(1628, '2016-04-12 14:10:49', 'A483', 34000),
(1629, '2016-04-12 14:11:17', 'A488', 6500),
(1630, '2016-04-12 14:12:12', 'A905', 0),
(1631, '2016-04-12 14:12:23', 'A905', 0),
(1632, '2016-04-12 14:13:24', 'A905', 0),
(1633, '2016-04-12 14:13:40', 'A18', 13000),
(1634, '2016-04-12 14:14:32', 'ADV01', 18000),
(1635, '2016-04-12 14:14:56', 'ADV03', 65000),
(1636, '2016-04-12 14:15:34', 'ADV05', 78000),
(1637, '2016-04-12 14:16:02', 'ADV06', 70000),
(1638, '2016-04-12 14:16:41', 'ADV08', 85000),
(1639, '2016-04-12 14:16:55', 'ADV09', 94000),
(1640, '2016-04-12 14:17:20', 'ADV10', 70000),
(1641, '2016-04-12 14:19:44', 'ADV11', 110000),
(1642, '2016-04-12 14:20:06', 'ADV12', 125000),
(1643, '2016-04-12 14:20:27', 'ADV13', 100000),
(1644, '2016-04-12 14:22:22', 'ADV15', 143000),
(1645, '2016-04-12 14:22:46', 'ADV16', 168000),
(1646, '2016-04-12 14:25:41', 'ADV19', 173000),
(1647, '2016-04-12 14:46:30', 'ADV20', 200000),
(1648, '2016-04-12 14:46:56', 'ADV21', 185000),
(1649, '2016-04-12 14:47:13', 'ADV30', 24000),
(1650, '2016-04-12 14:47:37', 'ADV31', 24000),
(1651, '2016-04-12 14:48:12', 'ADV32', 84000),
(1652, '2016-04-12 14:48:27', 'ADV35', 105000),
(1653, '2016-04-12 14:48:39', 'ADV36', 70000),
(1654, '2016-04-12 14:48:52', 'ADV37', 88000),
(1655, '2016-04-12 14:49:09', 'ADV38', 70000),
(1656, '2016-04-12 14:49:21', 'ADV39', 78000),
(1657, '2016-04-12 14:49:34', 'ADV40', 125000),
(1658, '2016-04-12 14:49:49', 'ADV41', 130000),
(1659, '2016-04-12 14:50:00', 'ADV42', 150000),
(1660, '2016-04-12 14:50:39', 'ADV46', 175000),
(1661, '2016-04-12 14:51:04', 'ADV47', 195000),
(1662, '2016-04-12 14:51:13', 'ADV48', 220000),
(1663, '2016-04-12 14:51:38', 'ADV51', 250000),
(1664, '2016-04-12 14:51:53', 'ADV52', 295000),
(1665, '2016-04-12 14:52:27', 'ADV62', 35000),
(1666, '2016-04-12 14:52:36', 'ADV63', 36000),
(1667, '2016-04-12 14:52:44', 'ADV64', 35000),
(1668, '2016-04-12 14:52:56', 'ADV65', 29000),
(1669, '2016-04-12 14:53:14', 'ADV66', 38000),
(1670, '2016-04-12 14:54:17', 'ADV68', 95000),
(1671, '2016-04-12 14:54:25', 'ADV68', 95000),
(1672, '2016-04-12 14:55:07', 'ADV70', 130000),
(1673, '2016-04-12 14:55:30', 'ADV74', 170000),
(1674, '2016-04-12 14:55:54', 'ADV45', 165000),
(1676, '2016-04-12 14:56:56', 'ADV82', 107000),
(1677, '2016-04-12 14:57:08', 'ADV83', 66000),
(1678, '2016-04-12 14:57:24', 'ADV84', 66000),
(1679, '2016-04-12 14:57:34', 'ADV86', 66000),
(1680, '2016-04-12 14:58:14', 'ADV87', 165000),
(1681, '2016-04-12 14:58:24', 'ADV88', 123000),
(1682, '2016-04-12 14:59:08', 'ADV89', 38000),
(1683, '2016-04-12 14:59:17', 'ADV90', 38000),
(1684, '2016-04-12 14:59:57', 'ADV92', 1700),
(1685, '2016-04-12 15:00:17', 'ADV93', 2800),
(1686, '2016-04-12 15:00:46', 'ADV94', 31000),
(1687, '2016-04-12 15:00:59', 'ADV96', 40000),
(1688, '2016-04-12 15:01:19', 'ADV97', 8000),
(1689, '2016-04-12 15:01:28', 'ADV98', 4000),
(1690, '2016-04-12 15:01:54', 'ADV99', 2500),
(1691, '2016-04-12 15:02:36', 'ADV100', 7000),
(1692, '2016-04-12 15:03:12', 'ADV102', 30000),
(1693, '2016-04-12 15:03:44', 'ADV104', 14000),
(1694, '2016-04-12 15:03:58', 'ADV105', 9500),
(1695, '2016-04-12 15:04:18', 'ADV107', 21000),
(1696, '2016-04-12 15:04:54', 'ADV108', 21500),
(1697, '2016-04-12 15:05:07', 'ADV109', 21500),
(1698, '2016-04-12 15:05:24', 'ADV111', 11000),
(1699, '2016-04-12 15:05:37', 'ADV114', 11000),
(1700, '2016-04-12 15:05:59', 'ADV115', 85000),
(1701, '2016-04-12 15:06:21', 'ADV116', 123000),
(1702, '2016-04-12 15:07:16', 'ADV118', 12500),
(1703, '2016-04-12 15:08:10', 'A490', 0),
(1704, '2016-04-12 15:09:02', 'ADV119', 16000),
(1705, '2016-04-12 15:09:11', 'ADV119', 16000),
(1706, '2016-04-12 15:09:47', 'ADV121', 11000),
(1707, '2016-04-12 15:10:06', 'ADV122', 9000),
(1708, '2016-04-12 15:10:29', 'ADV123', 8300),
(1709, '2016-04-12 15:11:55', 'ADV127', 15000),
(1710, '2016-04-12 15:13:02', 'ADV128', 18000),
(1711, '2016-04-12 15:13:27', 'ADV129', 17000),
(1712, '2016-04-12 15:13:43', 'ADV130', 17000),
(1713, '2016-04-12 15:19:31', 'A17', 11000),
(1714, '2016-04-12 15:19:31', 'A17', 11000),
(1715, '2016-04-12 15:19:49', 'A18', 14000),
(1716, '2016-04-12 15:19:49', 'A18', 14000),
(1717, '2016-04-12 15:20:28', 'ADV106', 21000),
(1718, '2016-04-12 17:57:45', 'A448', 6750),
(1719, '2016-04-12 17:57:56', 'A447', 6750),
(1720, '2016-04-12 17:58:13', 'A436', 6750),
(1721, '2016-04-12 17:58:22', 'A432', 6750),
(1722, '2016-04-12 17:58:35', 'A446', 6750),
(1723, '2016-04-12 17:58:49', 'A440', 6750),
(1724, '2016-04-12 17:59:12', 'A449', 6750),
(1725, '2016-04-12 17:59:24', 'A442', 6750),
(1726, '2016-04-12 18:13:47', 'ADV128', 18000),
(1727, '2016-04-12 18:14:05', 'ADV131', 18000),
(1728, '2016-04-12 18:14:27', 'ADV127', 15000),
(1729, '2016-04-12 18:14:59', 'A441', 6750),
(1730, '2016-04-12 18:15:22', 'A438', 6750),
(1731, '2016-04-12 18:15:34', 'A437', 6750),
(1732, '2016-04-12 18:15:45', 'A431', 6750),
(1733, '2016-04-12 18:16:03', 'A429', 5750),
(1734, '2016-04-12 18:16:24', 'A435', 6750),
(1735, '2016-04-12 18:16:37', 'A430', 5750),
(1736, '2016-04-12 18:17:10', 'A81', 85000),
(1737, '2016-04-12 18:18:08', 'A403', 2500),
(1738, '2016-04-12 18:18:46', 'A221', 19000);
INSERT INTO `history_harga` (`id_history`, `tgl_perubahan`, `kode`, `harga`) VALUES
(1739, '2016-04-12 18:20:14', 'A30', 2000),
(1740, '2016-04-12 18:20:27', 'A26', 1000),
(1741, '2016-04-12 18:20:39', 'A27', 2500),
(1742, '2016-04-12 18:20:52', 'A28', 4500),
(1743, '2016-04-12 18:37:33', 'A07', 6500),
(1744, '2016-04-12 18:38:22', 'A09', 6500),
(1745, '2016-04-13 14:34:08', 'A01', 5250),
(1746, '2016-04-13 14:35:07', 'A02', 5250),
(1747, '2016-04-13 14:35:35', 'A03', 5250),
(1748, '2016-04-13 14:36:42', 'A01', 5250),
(1749, '2016-04-13 14:36:55', 'A05', 6500),
(1750, '2016-04-13 14:37:19', 'A06', 6500),
(1751, '2016-04-13 14:37:44', 'A02', 5250),
(1752, '2016-04-13 14:37:58', 'A07', 6500),
(1753, '2016-04-13 14:38:03', 'A03', 5250),
(1754, '2016-04-13 14:38:31', 'A06', 6500),
(1755, '2016-04-13 14:38:47', 'A09', 6500),
(1756, '2016-04-13 14:38:50', 'A07', 6500),
(1757, '2016-04-13 14:39:16', 'A10', 6500),
(1759, '2016-04-13 14:39:34', 'A09', 6500),
(1760, '2016-04-13 14:39:53', 'A10', 6500),
(1761, '2016-04-13 14:40:16', 'A12', 5000),
(1762, '2016-04-13 14:40:32', 'A12', 5000),
(1763, '2016-04-13 14:40:41', 'A13', 9500),
(1764, '2016-04-13 14:41:04', 'A14', 9500),
(1765, '2016-04-13 14:41:05', 'A13', 9500),
(1766, '2016-04-13 14:41:16', 'A14', 9500),
(1767, '2016-04-13 14:41:34', 'A15', 8500),
(1768, '2016-04-13 14:42:00', 'A16', 12000),
(1769, '2016-04-13 14:42:17', 'A16', 12000),
(1770, '2016-04-13 14:42:32', 'A19', 8500),
(1771, '2016-04-13 14:42:54', 'A20', 7000),
(1772, '2016-04-13 14:43:10', 'A21', 4000),
(1773, '2016-04-13 14:43:31', 'A26', 1000),
(1774, '2016-04-13 14:43:45', 'A27', 2500),
(1775, '2016-04-13 14:43:58', 'A19', 8500),
(1776, '2016-04-13 14:44:24', 'A28', 4500),
(1777, '2016-04-13 14:44:57', 'A29', 5500),
(1778, '2016-04-13 14:45:17', 'A23', 12500),
(1779, '2016-04-13 14:45:33', 'A30', 2000),
(1780, '2016-04-13 14:48:06', 'A32', 23000),
(1781, '2016-04-13 14:48:15', 'A33', 23000),
(1782, '2016-04-13 14:48:27', 'A36', 23000),
(1783, '2016-04-13 14:48:41', 'A37', 23000),
(1784, '2016-04-13 14:48:57', 'A38', 23000),
(1785, '2016-04-13 14:49:48', 'A40', 23000),
(1786, '2016-04-13 14:50:06', 'A43', 23000),
(1787, '2016-04-13 14:52:32', 'A20', 7000),
(1788, '2016-04-13 14:53:11', 'A25', 12000),
(1789, '2016-04-13 14:53:37', 'A26', 1000),
(1790, '2016-04-13 14:54:06', 'A27', 2500),
(1791, '2016-04-13 14:54:52', 'A28', 4500),
(1792, '2016-04-13 14:55:25', 'A29', 5500),
(1793, '2016-04-13 14:55:56', 'A30', 2000),
(1794, '2016-04-13 15:00:36', 'A67', 23000),
(1795, '2016-04-13 15:01:37', 'A63', 23000),
(1796, '2016-04-13 15:03:13', 'A64', 23000),
(1797, '2016-04-13 15:06:14', 'A73', 23000),
(1798, '2016-04-13 15:06:55', 'A74', 30000),
(1799, '2016-04-13 15:07:14', 'A75', 30000),
(1800, '2016-04-13 15:07:33', 'A76', 40000),
(1801, '2016-04-13 15:08:18', 'A78', 60000),
(1802, '2016-04-13 15:08:57', 'A79', 70000),
(1803, '2016-04-13 15:09:08', 'A80', 85000),
(1804, '2016-04-13 15:09:16', 'A81', 85000),
(1805, '2016-04-13 15:09:36', 'A87', 30000),
(1806, '2016-04-13 15:09:56', 'A90', 30000),
(1807, '2016-04-13 15:10:12', 'A94', 35000),
(1808, '2016-04-13 15:10:50', 'A95', 35000),
(1809, '2016-04-13 15:11:18', 'A96', 35000),
(1810, '2016-04-13 15:14:19', 'A98', 35000),
(1811, '2016-04-13 15:14:41', 'A100', 40000),
(1812, '2016-04-13 15:15:09', 'A103', 40000),
(1813, '2016-04-13 15:17:54', 'A154', 45000),
(1814, '2016-04-13 15:18:14', 'A156', 45000),
(1815, '2016-04-13 15:18:24', 'A157', 45000),
(1816, '2016-04-13 15:18:45', 'A192', 50000),
(1817, '2016-04-13 15:19:08', 'A220', 19000),
(1818, '2016-04-13 15:19:16', 'A221', 19000),
(1819, '2016-04-13 15:19:27', 'A225', 19000),
(1820, '2016-04-13 15:19:41', 'A226', 19000),
(1821, '2016-04-13 15:19:56', 'A227', 19000),
(1822, '2016-04-13 15:20:12', 'A228', 19000),
(1823, '2016-04-13 15:20:23', 'A230', 19000),
(1824, '2016-04-13 15:20:32', 'A233', 19000),
(1825, '2016-04-13 15:20:46', 'A234', 19000),
(1826, '2016-04-13 15:20:55', 'A235', 19000),
(1827, '2016-04-13 15:21:04', 'A236', 19000),
(1828, '2016-04-13 15:21:14', 'A237', 19000),
(1829, '2016-04-13 15:21:24', 'A239', 19000),
(1830, '2016-04-13 15:21:35', 'A240', 19000),
(1831, '2016-04-13 15:22:29', 'A245', 19000),
(1832, '2016-04-13 15:22:44', 'A257', 40000),
(1833, '2016-04-13 15:23:01', 'A259', 30000),
(1834, '2016-04-13 15:23:38', 'A261', 35000),
(1835, '2016-04-13 15:23:54', 'A273', 25000),
(1836, '2016-04-13 15:24:07', 'A276', 25000),
(1837, '2016-04-13 15:24:19', 'A277', 30000),
(1838, '2016-04-13 15:35:03', 'A32', 23000),
(1839, '2016-04-13 15:35:33', 'A33', 23000),
(1840, '2016-04-13 15:36:21', 'A35', 23000),
(1841, '2016-04-13 15:36:39', 'A42', 23000),
(1842, '2016-04-13 15:38:06', 'A37', 23000),
(1843, '2016-04-13 15:38:39', 'A39', 23000),
(1844, '2016-04-13 15:39:09', 'A40', 23000),
(1845, '2016-04-13 15:39:30', 'A41', 23000),
(1846, '2016-04-13 15:40:49', 'A43', 23000),
(1847, '2016-04-13 15:41:34', 'A46', 23000),
(1848, '2016-04-13 15:41:58', 'A48', 23000),
(1849, '2016-04-13 15:42:18', 'A49', 23000),
(1850, '2016-04-13 15:43:07', 'A51', 23000),
(1851, '2016-04-13 15:43:27', 'A55', 23000),
(1852, '2016-04-13 15:44:00', 'A56', 23000),
(1853, '2016-04-13 15:44:43', 'A278', 30000),
(1854, '2016-04-13 15:46:30', 'A63', 23000),
(1855, '2016-04-13 15:47:19', 'A64', 23000),
(1856, '2016-04-13 15:47:35', 'A3000', 2000),
(1857, '2016-04-13 15:48:10', 'A65', 23000),
(1858, '2016-04-13 15:49:55', 'A67', 23000),
(1859, '2016-04-13 15:50:24', 'A68', 23000),
(1860, '2016-04-13 15:50:51', 'A69', 23000),
(1861, '2016-04-13 15:51:33', 'A74', 30000),
(1862, '2016-04-13 15:51:58', 'A73', 23000),
(1863, '2016-04-13 15:52:31', 'A75', 30000),
(1864, '2016-04-13 15:52:45', 'A279', 30000),
(1865, '2016-04-13 15:53:06', 'A314', 35000),
(1866, '2016-04-13 15:53:16', 'A314', 35000),
(1867, '2016-04-13 15:53:22', 'A278', 30000),
(1868, '2016-04-13 15:53:39', 'A76', 40000),
(1869, '2016-04-13 15:53:48', 'A277', 30000),
(1870, '2016-04-13 15:54:05', 'A276', 25000),
(1871, '2016-04-13 15:54:12', 'A79', 70000),
(1872, '2016-04-13 15:54:20', 'A273', 25000),
(1873, '2016-04-13 15:54:36', 'A80', 85000),
(1874, '2016-04-13 15:55:03', 'A81', 85000),
(1875, '2016-04-13 15:55:22', 'A273', 25000),
(1876, '2016-04-13 15:55:31', 'A276', 25000),
(1877, '2016-04-13 15:55:45', 'A277', 30000),
(1878, '2016-04-13 15:56:06', 'A278', 30000),
(1879, '2016-04-13 15:56:13', 'A3000', 2000),
(1880, '2016-04-13 15:56:18', 'A279', 30000),
(1881, '2016-04-13 15:56:48', 'A279', 30000),
(1882, '2016-04-13 15:56:54', 'A89', 30000),
(1883, '2016-04-13 15:57:33', 'A96', 35000),
(1884, '2016-04-13 15:57:51', 'A346', 13000),
(1885, '2016-04-13 15:57:57', 'A97', 35000),
(1886, '2016-04-13 15:58:07', 'A348', 30000),
(1887, '2016-04-13 15:58:23', 'A367', 42500),
(1888, '2016-04-13 15:58:25', 'A99', 40000),
(1889, '2016-04-13 15:58:42', 'A391', 3750),
(1890, '2016-04-13 15:59:06', 'A101', 40000),
(1891, '2016-04-13 16:03:52', 'A403', 2500),
(1892, '2016-04-13 16:04:54', 'A407', 6500),
(1893, '2016-04-13 16:05:15', 'A410', 4500),
(1894, '2016-04-13 16:06:47', 'A411', 4000),
(1895, '2016-04-13 16:07:09', 'A415', 7500),
(1896, '2016-04-13 16:08:04', 'A421', 3000),
(1897, '2016-04-13 16:08:31', 'A423', 2500),
(1898, '2016-04-13 16:11:09', 'A426', 3000),
(1899, '2016-04-13 16:23:27', 'A428', 4500),
(1900, '2016-04-13 16:37:19', 'A429', 5750),
(1901, '2016-04-13 16:37:31', 'A430', 5750),
(1902, '2016-04-13 16:37:43', 'A431', 6750),
(1903, '2016-04-13 16:38:09', 'ADV01', 18000),
(1904, '2016-04-13 16:38:26', 'A432', 6750),
(1905, '2016-04-13 16:38:38', 'A433', 6750),
(1906, '2016-04-13 16:38:51', 'A435', 6750),
(1907, '2016-04-13 16:39:00', 'A436', 6750),
(1908, '2016-04-13 16:39:21', 'A437', 6750),
(1909, '2016-04-13 16:39:43', 'A438', 6750),
(1910, '2016-04-13 16:40:33', 'ADV03', 65000),
(1911, '2016-04-13 16:41:03', 'ADV05', 78000),
(1912, '2016-04-13 16:42:39', 'ADV06', 70000),
(1913, '2016-04-13 16:44:52', 'A439', 6750),
(1914, '2016-04-13 16:44:58', 'ADV07', 70000),
(1915, '2016-04-13 16:45:31', 'A440', 6750),
(1916, '2016-04-13 16:45:41', 'A441', 6750),
(1917, '2016-04-13 16:45:49', 'A442', 6750),
(1918, '2016-04-13 16:45:57', 'A444', 6750),
(1919, '2016-04-13 16:46:07', 'A446', 6750),
(1920, '2016-04-13 16:46:19', 'A447', 6750),
(1921, '2016-04-13 16:46:28', 'A448', 6750),
(1922, '2016-04-13 16:46:30', 'ADV08', 85000),
(1923, '2016-04-13 16:46:39', 'A449', 6750),
(1924, '2016-04-13 16:46:52', 'ADV09', 94000),
(1925, '2016-04-13 16:47:12', 'ADV03', 65000),
(1926, '2016-04-13 16:48:32', 'ADV10', 70000),
(1927, '2016-04-13 16:52:21', 'A453', 9500),
(1928, '2016-04-13 16:52:38', 'A456', 9500),
(1929, '2016-04-13 16:52:45', 'ADV11', 110000),
(1930, '2016-04-13 16:52:49', 'A457', 12000),
(1931, '2016-04-13 16:53:02', 'A458', 12000),
(1932, '2016-04-13 16:53:31', 'A459', 12000),
(1933, '2016-04-13 16:53:43', 'A460', 12000),
(1934, '2016-04-13 16:53:50', 'A461', 12000),
(1935, '2016-04-13 16:53:58', 'A462', 12000),
(1936, '2016-04-13 16:54:09', 'A463', 12000),
(1937, '2016-04-13 16:54:25', 'A464', 12000),
(1938, '2016-04-13 16:54:34', 'A466', 12000),
(1939, '2016-04-13 16:54:45', 'A467', 12000),
(1940, '2016-04-13 16:54:51', 'ADV14', 170000),
(1941, '2016-04-13 16:54:52', 'A469', 12000),
(1942, '2016-04-13 16:55:09', 'A477', 20200),
(1943, '2016-04-13 16:55:17', 'A478', 22200),
(1944, '2016-04-13 16:55:44', 'A480', 38200),
(1945, '2016-04-13 16:55:58', 'A481', 53200),
(1946, '2016-04-13 16:58:05', 'A488', 6500),
(1947, '2016-04-13 17:09:34', 'A309', 1900),
(1948, '2016-04-13 17:10:57', 'PB88', 125000),
(1949, '2016-04-13 17:11:52', 'PB88', 125000),
(1950, '2016-04-13 17:12:10', 'A330.', 3000),
(1951, '2016-04-13 17:12:18', 'ADV20', 200000),
(1952, '2016-04-13 17:12:55', 'ADV15', 143000),
(1953, '2016-04-13 17:14:21', 'A309', 1900),
(1954, '2016-04-13 17:14:31', 'A330.', 3000),
(1955, '2016-04-13 17:16:03', 'A309', 1900),
(1956, '2016-04-13 17:16:11', 'A330.', 3000),
(1957, '2016-04-13 17:17:32', 'A500', 0),
(1958, '2016-04-13 17:18:07', 'A600', 0),
(1959, '2016-04-13 17:18:12', 'ADV19', 173000),
(1960, '2016-04-13 17:18:38', 'ADV19', 173000),
(1961, '2016-04-13 17:18:41', 'A700', 0),
(1962, '2016-04-13 17:19:00', 'ADV21', 185000),
(1963, '2016-04-13 17:19:16', 'ADV30', 24000),
(1964, '2016-04-13 17:19:31', 'ADV30', 24000),
(1965, '2016-04-13 17:19:51', 'ADV31', 24000),
(1966, '2016-04-13 17:20:12', 'ADV32', 84000),
(1967, '2016-04-13 17:20:22', 'A710', 0),
(1968, '2016-04-13 17:20:30', 'ADV33', 94000),
(1969, '2016-04-13 17:20:45', 'A720', 0),
(1970, '2016-04-13 17:20:48', 'ADV35', 105000),
(1971, '2016-04-13 17:21:12', 'ADV36', 70000),
(1972, '2016-04-13 17:21:43', 'ADV37', 88000),
(1973, '2016-04-13 17:22:07', 'ADV38', 70000),
(1974, '2016-04-13 17:22:28', 'ADV40', 125000),
(1975, '2016-04-13 17:22:54', 'ADV41', 130000),
(1976, '2016-04-13 17:23:15', 'ADV42', 150000),
(1977, '2016-04-13 17:23:38', 'A730', 7000),
(1978, '2016-04-13 17:23:42', 'ADV43', 135000),
(1979, '2016-04-13 17:24:00', 'ADV44', 265000),
(1980, '2016-04-13 17:24:21', 'A500', 0),
(1981, '2016-04-13 17:24:38', 'A600', 0),
(1982, '2016-04-13 17:24:48', 'A3000', 2000),
(1983, '2016-04-13 17:24:51', 'ADV45', 165000),
(1984, '2016-04-13 17:25:03', 'A700', 0),
(1985, '2016-04-13 17:25:36', 'ADV46', 175000),
(1986, '2016-04-13 17:25:37', 'A730', 7000),
(1987, '2016-04-13 17:26:33', 'ADV47', 195000),
(1988, '2016-04-13 17:26:46', 'ADV48', 220000),
(1989, '2016-04-13 17:27:09', 'ADV49', 255000),
(1990, '2016-04-13 17:27:24', 'ADV51', 250000),
(1991, '2016-04-13 17:29:15', 'A0003', 0),
(1992, '2016-04-13 17:30:20', 'A0001', 120000),
(1993, '2016-04-13 17:33:12', 'ADV08', 85000),
(1994, '2016-04-13 17:33:57', 'ADV29', 70000),
(1995, '2016-04-13 17:41:01', 'ADV56', 350000),
(1996, '2016-04-13 17:41:50', 'A0002', 0),
(1997, '2016-04-13 17:42:18', 'ADV59', 520000),
(1998, '2016-04-13 17:42:41', 'ADV60', 540000),
(1999, '2016-04-13 17:43:01', 'ADV62', 35000),
(2000, '2016-04-13 17:47:09', 'ADV64', 35000),
(2001, '2016-04-13 17:47:29', 'ADV65', 29000),
(2002, '2016-04-13 17:47:49', 'ADV66', 38000),
(2003, '2016-04-13 17:48:06', 'ADV67', 102000),
(2004, '2016-04-13 17:48:21', 'ADV69', 97000),
(2005, '2016-04-13 17:48:36', 'ADV70', 130000),
(2006, '2016-04-13 17:49:03', 'ADV71', 80000),
(2008, '2016-04-13 17:49:51', 'ADV74', 170000),
(2009, '2016-04-13 17:50:05', 'ADV75', 185000),
(2010, '2016-04-13 17:51:18', 'ADV76', 260000),
(2012, '2016-04-13 17:52:09', 'ADV79', 96000),
(2013, '2016-04-13 17:52:28', 'ADV80', 103000),
(2014, '2016-04-13 17:52:55', 'ADV82', 107000),
(2015, '2016-04-13 17:53:15', 'ADV83', 66000),
(2016, '2016-04-13 17:53:24', 'ADV84', 66000),
(2017, '2016-04-13 17:53:51', 'ADV85', 66000),
(2018, '2016-04-13 17:54:57', 'ADV88', 123000),
(2019, '2016-04-13 18:00:11', 'A730', 6000),
(2020, '2016-04-13 18:00:57', 'A7020', 8000),
(2021, '2016-04-13 18:05:14', 'ADV90', 38000),
(2022, '2016-04-13 18:06:16', 'ADV89', 38000),
(2023, '2016-04-13 18:06:36', 'ADV91', 500000),
(2024, '2016-04-13 18:07:08', 'ADV92', 1700),
(2025, '2016-04-13 18:07:40', 'ADV93', 2800),
(2026, '2016-04-13 18:08:10', 'ADV94', 31000),
(2027, '2016-04-13 18:08:27', 'ADV95', 34000),
(2028, '2016-04-13 18:29:05', 'ADV96', 40000),
(2029, '2016-04-13 18:31:04', 'ADV102', 30000),
(2030, '2016-04-13 18:31:43', 'ADV98', 4000),
(2031, '2016-04-13 18:32:46', 'ADV99', 2500),
(2032, '2016-04-13 18:33:13', 'ADV100', 7000),
(2033, '2016-04-13 18:34:52', 'ADV103', 25000),
(2034, '2016-04-13 18:35:45', 'ADV105', 9500),
(2035, '2016-04-13 18:36:16', 'ADV107', 21000),
(2036, '2016-04-14 09:15:36', 'U1', 2700),
(2037, '2016-04-14 09:16:19', 'U2', 2700),
(2038, '2016-04-14 09:16:42', 'U3', 2700),
(2039, '2016-04-14 09:17:14', 'U4', 2700),
(2040, '2016-04-14 09:18:34', 'U5', 2700),
(2041, '2016-04-14 09:19:24', 'U6', 2700),
(2042, '2016-04-14 09:19:52', 'U7', 2700),
(2044, '2016-04-14 09:23:10', 'U9', 2700),
(2045, '2016-04-14 09:23:39', 'U10', 2700),
(2046, '2016-04-14 09:25:00', 'U11', 2700),
(2048, '2016-04-14 09:27:16', 'b 206', 6000),
(2049, '2016-04-14 09:27:25', 'U13', 2700),
(2050, '2016-04-14 09:27:52', 'U14', 2700),
(2051, '2016-04-14 09:28:16', 'U15', 2700),
(2052, '2016-04-14 09:28:45', 'U16', 2700),
(2053, '2016-04-14 09:29:02', 'b 206', 6000),
(2054, '2016-04-14 09:29:38', 'U17', 2700),
(2056, '2016-04-14 09:30:12', 'U19', 2700),
(2057, '2016-04-14 09:31:01', 'U20', 2700),
(2058, '2016-04-14 09:31:16', 'U21', 2700),
(2059, '2016-04-14 09:31:36', 'U22', 2700),
(2060, '2016-04-14 09:34:55', 'U23', 2700),
(2061, '2016-04-14 09:35:14', 'U24', 2700),
(2062, '2016-04-14 09:35:37', 'U25', 2700),
(2063, '2016-04-14 09:35:55', 'U26', 2700),
(2064, '2016-04-14 09:36:08', 'U27', 2700),
(2065, '2016-04-14 09:36:44', 'U28', 2700),
(2066, '2016-04-14 09:37:04', 'U29', 2700),
(2067, '2016-04-14 09:38:19', 'U30', 2700),
(2068, '2016-04-14 09:38:35', 'U31', 2700),
(2069, '2016-04-14 09:38:48', 'ADV131', 18000),
(2070, '2016-04-14 09:39:10', 'ADV130', 17000),
(2071, '2016-04-14 09:39:24', 'ADV129', 17000),
(2072, '2016-04-14 09:39:36', 'ADV128', 18000),
(2073, '2016-04-14 09:39:55', 'A171', 50000),
(2074, '2016-04-14 09:40:22', 'ADV125', 120000),
(2075, '2016-04-14 09:40:39', 'ADV123', 8300),
(2076, '2016-04-14 09:41:06', 'ADV124', 0),
(2077, '2016-04-14 09:41:30', 'ADV122', 9000),
(2078, '2016-04-14 09:41:40', 'ADV121', 11000),
(2079, '2016-04-14 09:41:49', 'ADV120', 8000),
(2080, '2016-04-14 09:42:10', 'ADV119', 16000),
(2081, '2016-04-14 09:42:24', 'ADV118', 12500),
(2082, '2016-04-14 09:42:49', 'ADV117', 12500),
(2083, '2016-04-14 09:43:04', 'ADV116', 123000),
(2084, '2016-04-14 09:43:22', 'ADV115', 85000),
(2085, '2016-04-14 09:43:41', 'ADV114', 11000),
(2086, '2016-04-14 09:44:00', 'ADV111', 11000),
(2087, '2016-04-14 09:45:03', 'ADV110', 35000),
(2088, '2016-04-14 09:45:22', 'ADV109', 21500),
(2089, '2016-04-14 09:45:43', 'ADV108', 21500),
(2090, '2016-04-14 09:46:28', 'ADV104', 14000),
(2091, '2016-04-14 09:47:16', 'ADV99', 2500),
(2092, '2016-04-14 09:48:04', 'ADV97', 8000),
(2093, '2016-04-14 09:48:43', 'ADV94', 31000),
(2094, '2016-04-14 09:49:13', 'ADV92', 1700),
(2095, '2016-04-14 09:51:36', 'ADV83', 66000),
(2096, '2016-04-14 09:51:46', 'ADV84', 66000),
(2097, '2016-04-14 09:52:00', 'ADV85', 66000),
(2098, '2016-04-14 09:52:12', 'ADV86', 66000),
(2099, '2016-04-14 09:53:16', 'ADV 4678', 0),
(2100, '2016-04-14 09:53:40', 'ADV 4678', 0),
(2101, '2016-04-14 09:54:24', 'ADV79', 96000),
(2102, '2016-04-14 09:54:46', 'ADV82', 107000),
(2104, '2016-04-14 09:56:34', 'ADV75', 185000),
(2105, '2016-04-14 09:56:57', 'ADV74', 170000),
(2107, '2016-04-14 09:57:47', 'ADV72', 250000),
(2108, '2016-04-14 09:58:09', 'ADV70', 130000),
(2109, '2016-04-14 09:58:55', 'ADV66', 38000),
(2110, '2016-04-14 09:59:14', 'ADV65', 29000),
(2111, '2016-04-14 09:59:21', 'ADV64', 35000),
(2112, '2016-04-14 09:59:39', 'ADV63', 36000),
(2113, '2016-04-14 10:01:45', 'ADV56', 350000),
(2114, '2016-04-14 10:02:10', 'ADV54', 285000),
(2115, '2016-04-14 10:02:25', 'ADV52', 295000),
(2116, '2016-04-14 10:02:55', 'ADV51', 250000),
(2117, '2016-04-14 10:03:21', 'ADV48', 220000),
(2118, '2016-04-14 10:03:33', 'ADV47', 195000),
(2119, '2016-04-14 10:03:52', 'ADV46', 175000),
(2120, '2016-04-14 10:04:30', 'ADV43', 135000),
(2121, '2016-04-14 10:04:50', 'ADV42', 150000),
(2122, '2016-04-14 10:05:12', 'ADV40', 125000),
(2123, '2016-04-14 10:05:24', 'ADV38', 70000),
(2124, '2016-04-14 10:05:58', 'U14', 2700),
(2125, '2016-04-14 10:06:15', 'U24', 2700),
(2126, '2016-04-14 10:06:16', 'ADV35', 105000),
(2127, '2016-04-14 10:06:31', 'ADV33', 94000),
(2128, '2016-04-14 10:06:46', 'ADV31', 24000),
(2129, '2016-04-14 10:07:01', 'ADV30', 24000),
(2130, '2016-04-14 10:07:48', 'ADV19', 173000),
(2131, '2016-04-14 10:08:48', 'A0001', 120000),
(2132, '2016-04-14 10:09:33', 'ADV11', 110000),
(2133, '2016-04-14 10:10:54', 'ADV03', 65000),
(2134, '2016-04-14 10:13:24', 'A330.', 3000),
(2135, '2016-04-14 10:13:45', 'A488', 6500),
(2136, '2016-04-14 10:14:55', 'A487', 5750),
(2137, '2016-04-14 10:15:10', 'A487', 5750),
(2138, '2016-04-14 10:15:43', 'A487', 5750),
(2139, '2016-04-14 10:16:43', 'A486', 2000),
(2140, '2016-04-14 10:18:34', 'ADV01', 18000),
(2141, '2016-04-14 10:19:13', 'A483', 34000),
(2142, '2016-04-14 10:19:27', 'A484', 48000),
(2143, '2016-04-14 10:20:02', 'A479', 42200),
(2144, '2016-04-14 10:20:13', 'ADV03', 65000),
(2145, '2016-04-14 10:20:20', 'A478', 22200),
(2146, '2016-04-14 10:20:40', 'ADV09', 94000),
(2147, '2016-04-14 10:20:40', 'A477', 20200),
(2148, '2016-04-14 10:20:57', 'A476', 20200),
(2149, '2016-04-14 10:21:37', 'A471', 15000),
(2150, '2016-04-14 10:21:52', 'A470', 13000),
(2151, '2016-04-14 10:22:09', 'A449', 6750),
(2152, '2016-04-14 10:22:25', 'A448', 6750),
(2153, '2016-04-14 10:23:03', 'A467', 12000),
(2154, '2016-04-14 10:23:19', 'A466', 12000),
(2155, '2016-04-14 10:23:34', 'A464', 12000),
(2156, '2016-04-14 10:24:03', 'A457', 12000),
(2157, '2016-04-14 10:24:55', 'A456', 9500),
(2158, '2016-04-14 10:25:10', 'A455', 12000),
(2159, '2016-04-14 10:25:31', 'A453', 9500),
(2160, '2016-04-14 10:25:57', 'A469', 12000),
(2161, '2016-04-14 10:26:08', 'A449', 6750),
(2162, '2016-04-14 10:26:16', 'A449', 6750),
(2163, '2016-04-14 10:26:55', 'A447', 6750),
(2164, '2016-04-14 10:27:13', 'A448', 6750),
(2165, '2016-04-14 10:27:22', 'A468', 12000),
(2166, '2016-04-14 10:27:39', 'A446', 6750),
(2167, '2016-04-14 10:28:06', 'A445', 6750),
(2168, '2016-04-14 10:28:23', 'A444', 6750),
(2169, '2016-04-14 10:28:49', 'A443', 6750),
(2170, '2016-04-14 10:29:30', 'A442', 6750),
(2171, '2016-04-14 10:29:50', 'A441', 6750),
(2172, '2016-04-14 10:30:09', 'A440', 6750),
(2173, '2016-04-14 10:34:34', 'A439', 6750),
(2174, '2016-04-14 10:34:52', 'A438', 6750),
(2175, '2016-04-14 10:35:16', 'A437', 6750),
(2176, '2016-04-14 10:35:45', 'A436', 6750),
(2177, '2016-04-14 10:35:59', 'A435', 6750),
(2178, '2016-04-14 10:36:14', 'A433', 6750),
(2179, '2016-04-14 10:36:30', 'A432', 6750),
(2180, '2016-04-14 10:36:54', 'A429', 5750),
(2181, '2016-04-14 10:37:34', 'A428', 4500),
(2182, '2016-04-14 10:40:38', 'K 003', 0),
(2183, '2016-04-14 10:41:14', 'K 003', 0),
(2184, '2016-04-14 10:42:20', 'A730', 6000),
(2185, '2016-04-14 10:42:56', 'A415', 7500),
(2186, '2016-04-14 10:43:17', 'A426', 3000),
(2187, '2016-04-14 10:43:57', 'A423', 2500),
(2188, '2016-04-14 10:44:24', 'A422', 3500),
(2189, '2016-04-14 10:44:41', 'A421', 3000),
(2190, '2016-04-14 10:45:24', 'A419', 8500),
(2191, '2016-04-14 10:45:36', 'A418', 6750),
(2192, '2016-04-14 10:46:57', 'A411', 4000),
(2193, '2016-04-14 10:47:14', 'A403', 2500),
(2194, '2016-04-14 10:47:47', 'A905', 0),
(2195, '2016-04-14 10:48:27', 'A392', 8000),
(2196, '2016-04-14 10:48:51', 'A391', 3750),
(2197, '2016-04-14 10:50:03', 'A383', 8500),
(2198, '2016-04-14 10:50:37', 'A384', 8500),
(2199, '2016-04-14 10:51:13', 'A371', 35000),
(2200, '2016-04-14 10:51:43', 'A368', 35000),
(2201, '2016-04-14 10:53:11', 'A356', 55000),
(2202, '2016-04-14 10:53:59', 'A347', 13000),
(2203, '2016-04-14 10:54:29', 'A282', 30000),
(2204, '2016-04-14 10:56:06', 'A275', 25000),
(2205, '2016-04-14 10:56:36', 'A273', 25000),
(2206, '2016-04-14 10:57:13', 'A258', 40000),
(2207, '2016-04-14 10:57:56', 'A225', 19000),
(2208, '2016-04-14 10:58:32', 'A194', 50000),
(2209, '2016-04-14 10:58:50', 'A192', 50000),
(2210, '2016-04-14 11:02:39', 'A178', 50000),
(2211, '2016-04-14 11:03:02', 'A177', 50000),
(2212, '2016-04-14 11:03:19', 'A176', 50000),
(2213, '2016-04-14 11:03:54', 'A174', 50000),
(2214, '2016-04-14 11:04:17', 'A172', 50000),
(2215, '2016-04-14 11:06:32', 'A171', 50000),
(2216, '2016-04-14 11:06:48', 'A168', 50000),
(2217, '2016-04-14 11:07:09', 'A167', 50000),
(2218, '2016-04-14 11:08:21', 'A161', 45000),
(2219, '2016-04-14 11:11:02', 'A161', 45000),
(2220, '2016-04-14 11:14:14', 'A159', 45000),
(2221, '2016-04-14 11:14:23', 'A158', 45000),
(2222, '2016-04-14 11:15:35', 'A158', 45000),
(2223, '2016-04-14 11:16:01', 'A156', 45000),
(2224, '2016-04-14 11:16:11', 'A155', 45000),
(2225, '2016-04-14 11:16:28', 'A154', 45000),
(2226, '2016-04-14 11:16:47', 'A149', 45000),
(2227, '2016-04-14 11:17:20', 'A121', 80000),
(2228, '2016-04-14 11:17:32', 'A120', 65000),
(2229, '2016-04-14 11:17:46', 'A122', 80000),
(2230, '2016-04-14 11:18:05', 'A122', 80000),
(2231, '2016-04-14 11:19:14', 'A114', 65000),
(2232, '2016-04-14 11:19:30', 'A108', 50000),
(2233, '2016-04-14 11:19:44', 'A107', 50000),
(2234, '2016-04-14 11:19:57', 'A107', 50000),
(2235, '2016-04-14 11:25:54', 'B 207', 1500),
(2236, '2016-04-14 11:27:47', 'B 207', 1500),
(2237, '2016-04-14 11:57:41', 'ADV05', 78000),
(2238, '2016-04-14 11:57:58', 'ADV10', 70000),
(2239, '2016-04-14 11:58:08', 'ADV11', 110000),
(2240, '2016-04-14 11:58:23', 'ADV19', 173000),
(2241, '2016-04-14 11:58:33', 'ADV20', 200000),
(2242, '2016-04-14 11:58:47', 'ADV21', 185000),
(2243, '2016-04-14 11:59:04', 'ADV62', 35000),
(2244, '2016-04-14 11:59:13', 'ADV63', 36000),
(2245, '2016-04-14 11:59:25', 'ADV64', 35000),
(2246, '2016-04-14 12:00:00', 'ADV65', 29000),
(2247, '2016-04-14 12:00:17', 'ADV66', 38000),
(2248, '2016-04-14 12:00:29', 'ADV67', 102000),
(2249, '2016-04-14 12:00:43', 'ADV70', 130000),
(2250, '2016-04-14 12:00:56', 'ADV71', 80000),
(2251, '2016-04-14 12:06:48', 'ADV72', 250000),
(2252, '2016-04-14 12:07:21', 'ADV33', 94000),
(2253, '2016-04-14 12:07:32', 'ADV37', 88000),
(2254, '2016-04-14 12:07:43', 'ADV38', 70000),
(2255, '2016-04-14 12:08:27', 'ADV40', 125000),
(2256, '2016-04-14 12:08:34', 'ADV41', 130000),
(2257, '2016-04-14 12:08:50', 'ADV43', 135000),
(2258, '2016-04-14 12:09:02', 'ADV44', 265000),
(2259, '2016-04-14 12:09:25', 'ADV90', 38000),
(2260, '2016-04-14 12:09:41', 'ADV105', 9500),
(2261, '2016-04-14 12:09:55', 'ADV114', 11000),
(2262, '2016-04-14 12:10:05', 'ADV111', 11000),
(2263, '2016-04-14 12:10:33', 'ADV92', 1700),
(2264, '2016-04-14 12:11:51', 'ADV93', 2800),
(2265, '2016-04-14 12:12:09', 'ADV99', 2500),
(2266, '2016-04-14 12:13:37', 'ADV102', 30000),
(2267, '2016-04-14 12:13:51', 'ADV102', 30000),
(2268, '2016-04-14 12:14:15', 'ADV101', 20000),
(2269, '2016-04-14 12:14:43', 'ADV97', 8000),
(2270, '2016-04-14 12:15:05', 'ADV100', 7000),
(2271, '2016-04-14 12:15:28', 'ADV115', 85000),
(2272, '2016-04-14 12:15:50', 'ADV116', 123000),
(2273, '2016-04-14 12:16:41', 'ADV125', 120000),
(2274, '2016-04-14 12:16:56', 'ADV117', 12500),
(2275, '2016-04-14 12:17:29', 'ADV118', 12500),
(2276, '2016-04-14 12:17:54', 'ADV30', 24000),
(2277, '2016-04-14 12:18:09', 'ADV31', 24000),
(2278, '2016-04-14 12:18:24', 'ADV123', 8300),
(2279, '2016-04-14 12:18:48', 'ADV122', 9000),
(2280, '2016-04-14 12:19:02', 'ADV94', 31000),
(2281, '2016-04-14 12:19:10', 'ADV96', 40000),
(2282, '2016-04-14 12:19:45', 'ADV74', 170000),
(2283, '2016-04-14 12:20:08', 'ADV104', 14000),
(2284, '2016-04-14 12:20:21', 'ADV109', 21500),
(2285, '2016-04-14 12:20:39', 'ADV75', 185000),
(2286, '2016-04-14 12:20:53', 'ADV76', 260000),
(2288, '2016-04-14 12:21:53', 'ADV 4678', 0),
(2289, '2016-04-14 12:22:10', 'ADV83', 66000),
(2290, '2016-04-14 12:22:17', 'ADV83', 66000),
(2291, '2016-04-14 12:33:11', 'U29', 2700),
(2292, '2016-04-14 12:33:46', 'U21', 2700),
(2294, '2016-04-14 13:24:36', 'ADV82', 107000),
(2295, '2016-04-14 13:24:53', 'ADV88', 123000),
(2296, '2016-04-14 13:25:08', 'ADV46', 175000),
(2297, '2016-04-14 13:25:22', 'ADV48', 220000),
(2298, '2016-04-14 13:25:32', 'ADV47', 195000),
(2299, '2016-04-14 13:25:45', 'ADV51', 250000),
(2300, '2016-04-14 13:26:07', 'ADV52', 295000),
(2301, '2016-04-14 13:26:21', 'ADV59', 520000),
(2302, '2016-04-14 13:26:32', 'ADV45', 165000),
(2303, '2016-04-14 13:26:43', 'ADV68', 95000),
(2304, '2016-04-14 13:26:54', 'ADV119', 16000),
(2305, '2016-04-14 13:27:07', 'ADV80', 103000),
(2306, '2016-04-14 13:27:16', 'ADV81', 103000),
(2307, '2016-04-14 13:27:29', 'ADV79', 96000),
(2308, '2016-04-14 13:27:43', 'ADV32', 84000),
(2309, '2016-04-14 13:27:56', 'ADV120', 8000),
(2310, '2016-04-14 13:28:03', 'ADV121', 11000),
(2311, '2016-04-14 13:32:41', 'PB88', 125000),
(2312, '2016-04-14 13:34:16', 'A485', 6800),
(2313, '2016-04-14 13:34:50', 'A32', 23000),
(2314, '2016-04-14 13:34:59', 'A36', 23000),
(2315, '2016-04-14 13:35:06', 'A37', 23000),
(2316, '2016-04-14 13:35:13', 'A38', 23000),
(2317, '2016-04-14 13:35:27', 'A95', 35000),
(2318, '2016-04-14 13:35:41', 'A149', 45000),
(2319, '2016-04-14 13:37:10', 'DX1', 30000),
(2320, '2016-04-14 13:37:34', 'DX1', 30000),
(2321, '2016-04-14 13:37:52', 'A75', 30000),
(2322, '2016-04-14 13:38:00', 'A76', 40000),
(2323, '2016-04-14 13:38:09', 'A96', 35000),
(2324, '2016-04-14 13:38:19', 'A178', 50000),
(2325, '2016-04-14 13:38:37', 'A177', 50000),
(2326, '2016-04-14 13:38:48', 'A79', 70000),
(2327, '2016-04-14 13:39:12', 'A33', 23000),
(2328, '2016-04-14 13:39:28', 'A230', 19000),
(2329, '2016-04-14 13:39:35', 'A235', 19000),
(2330, '2016-04-14 13:39:45', 'A226', 19000),
(2331, '2016-04-14 13:40:16', 'ADV129', 17000),
(2332, '2016-04-14 13:40:23', 'ADV130', 17000),
(2333, '2016-04-14 13:40:39', 'A05', 6500),
(2334, '2016-04-14 13:40:54', 'A06', 6500),
(2335, '2016-04-14 13:41:21', 'A289', 40000),
(2336, '2016-04-14 13:42:53', 'A09', 6500),
(2337, '2016-04-14 13:42:59', 'A09', 6500),
(2338, '2016-04-14 13:43:28', 'A274', 25000),
(2339, '2016-04-14 13:43:53', 'A483', 34000),
(2340, '2016-04-14 13:44:02', 'A484', 48000),
(2341, '2016-04-14 13:44:39', 'A476', 20200),
(2342, '2016-04-14 13:44:52', 'A478', 22200),
(2343, '2016-04-14 13:45:01', 'A479', 42200),
(2344, '2016-04-14 13:46:09', 'A488', 6500),
(2345, '2016-04-14 13:46:59', 'A456', 9500),
(2346, '2016-04-14 13:47:10', 'A465', 12000),
(2347, '2016-04-14 13:47:19', 'A466', 12000),
(2348, '2016-04-14 13:47:28', 'A458', 12000),
(2349, '2016-04-14 13:47:37', 'A463', 12000),
(2350, '2016-04-14 13:47:52', 'A901', 12000),
(2351, '2016-04-14 13:48:13', 'A460', 12000),
(2352, '2016-04-14 13:48:22', 'A453', 9500),
(2353, '2016-04-14 13:49:26', 'A348', 30000),
(2354, '2016-04-14 13:50:41', 'A347', 13000),
(2355, '2016-04-14 13:51:28', 'A423', 2500),
(2356, '2016-04-14 13:54:15', 'A98', 35000),
(2357, '2016-04-14 13:58:58', 'A80', 85000),
(2358, '2016-04-14 13:59:13', 'A77', 60000),
(2359, '2016-04-14 13:59:29', 'A42', 23000),
(2360, '2016-04-14 13:59:49', 'A51', 23000),
(2361, '2016-04-14 14:01:50', 'A448', 6750),
(2362, '2016-04-14 14:02:59', 'ADV128', 18000),
(2363, '2016-04-14 14:14:19', 'A431', 6750),
(2371, '2016-04-14 14:22:04', 'T 1-48', 5500),
(2374, '2016-04-14 14:23:46', 'A411', 4000),
(2380, '2016-04-14 14:28:01', 'A26', 1000),
(2381, '2016-04-14 14:28:09', 'A30', 2000),
(2382, '2016-04-14 14:28:21', 'A27', 2500),
(2383, '2016-04-14 14:28:33', 'A28', 4500),
(2387, '2016-04-14 14:31:09', 'B', 0),
(2389, '2016-04-14 14:32:36', 'B', 0),
(2392, '2016-04-14 14:42:26', 'ADV01', 18000),
(2393, '2016-04-14 14:43:02', 'ADV03', 65000),
(2394, '2016-04-14 14:43:27', 'ADV05', 78000),
(2395, '2016-04-14 14:43:48', 'ADV09', 94000),
(2396, '2016-04-14 14:44:15', 'ADV10', 70000),
(2397, '2016-04-14 14:44:38', 'PB88', 125000),
(2398, '2016-04-14 14:44:58', 'ADV15', 143000),
(2399, '2016-04-14 14:44:59', 'T 1-48', 5500),
(2400, '2016-04-14 14:45:06', 'ADV15', 143000),
(2401, '2016-04-14 14:46:17', 'ADV15', 143000),
(2402, '2016-04-14 14:46:30', 'ADV16', 168000),
(2403, '2016-04-14 14:46:45', 'ADV19', 173000),
(2404, '2016-04-14 14:46:56', 'ADV21', 185000),
(2405, '2016-04-14 14:47:06', 'ADV30', 24000),
(2406, '2016-04-14 14:47:21', 'ADV31', 24000),
(2407, '2016-04-14 14:47:39', 'ADV32', 84000),
(2408, '2016-04-14 14:47:53', 'ADV36', 70000),
(2409, '2016-04-14 14:48:27', 'F 36', 13500),
(2410, '2016-04-14 14:48:30', 'ADV37', 88000),
(2411, '2016-04-14 14:48:44', 'ADV40', 125000),
(2412, '2016-04-14 14:48:57', 'ADV45', 165000),
(2413, '2016-04-14 14:49:08', 'T 1-48', 5500),
(2414, '2016-04-14 14:49:22', 'ADV74', 170000),
(2415, '2016-04-14 14:49:44', 'ADV79', 96000),
(2416, '2016-04-14 14:49:54', 'ADV82', 107000),
(2417, '2016-04-14 14:50:12', 'ADV83', 66000),
(2418, '2016-04-14 14:50:19', 'ADV84', 66000),
(2419, '2016-04-14 14:50:40', 'ADV88', 123000),
(2420, '2016-04-14 14:50:54', 'ADV90', 38000),
(2421, '2016-04-14 14:51:37', 'ADV89', 38000),
(2422, '2016-04-14 14:51:53', 'ADV92', 1700),
(2423, '2016-04-14 14:52:05', 'ADV93', 2800),
(2424, '2016-04-14 14:52:33', 'ADV94', 31000),
(2425, '2016-04-14 14:52:49', 'ADV96', 40000),
(2426, '2016-04-14 14:53:05', 'ADV97', 8000),
(2427, '2016-04-14 14:53:19', 'ADV98', 4000),
(2428, '2016-04-14 14:53:31', 'ADV99', 2500),
(2429, '2016-04-14 14:59:32', 'ADV100', 7000),
(2430, '2016-04-14 14:59:44', 'ADV102', 30000),
(2431, '2016-04-14 14:59:56', 'ADV103', 25000),
(2432, '2016-04-14 15:01:45', 'ADV104', 14000),
(2433, '2016-04-14 15:01:57', 'ADV105', 9500),
(2434, '2016-04-14 15:02:26', 'ADV93', 2800),
(2435, '2016-04-14 15:02:28', 'ADV93', 2800),
(2436, '2016-04-14 15:02:30', 'ADV93', 2800),
(2437, '2016-04-14 15:02:34', 'ADV106', 21000),
(2438, '2016-04-14 15:02:47', 'ADV108', 21500),
(2439, '2016-04-14 15:02:59', 'ADV92', 1700),
(2440, '2016-04-14 15:03:05', 'ADV110', 35000),
(2441, '2016-04-14 15:03:17', 'ADV111', 11000),
(2442, '2016-04-14 15:03:30', 'ADV114', 11000),
(2443, '2016-04-14 15:03:32', 'ADV116', 123000),
(2444, '2016-04-14 15:03:46', 'ADV116', 123000),
(2445, '2016-04-14 15:04:13', 'ADV99', 2500),
(2446, '2016-04-14 15:04:18', 'ADV59', 520000),
(2447, '2016-04-14 15:04:32', 'ADV62', 35000),
(2448, '2016-04-14 15:04:44', 'ADV64', 35000),
(2449, '2016-04-14 15:04:52', 'ADV65', 29000),
(2450, '2016-04-14 15:05:03', 'ADV66', 38000),
(2451, '2016-04-14 15:05:23', 'ADV67', 102000),
(2452, '2016-04-14 15:05:35', 'ADV89', 38000),
(2453, '2016-04-14 15:05:41', 'ADV68', 95000),
(2454, '2016-04-14 15:05:50', 'ADV70', 130000),
(2455, '2016-04-14 15:06:01', 'ADV71', 80000),
(2456, '2016-04-14 15:06:12', 'ADV72', 250000),
(2457, '2016-04-14 15:06:26', 'ADV117', 12500),
(2458, '2016-04-14 15:06:37', 'ADV118', 12500),
(2459, '2016-04-14 15:06:51', 'ADV119', 16000),
(2460, '2016-04-14 15:07:05', 'ADV106', 21000),
(2461, '2016-04-14 15:07:10', 'ADV120', 8000),
(2462, '2016-04-14 15:07:25', 'ADV121', 11000),
(2463, '2016-04-14 15:07:56', 'ADV122', 9000),
(2464, '2016-04-14 15:08:22', 'ADV123', 8300),
(2465, '2016-04-14 15:08:38', 'ADV125', 120000),
(2466, '2016-04-14 15:10:05', 'ADV127', 15000),
(2467, '2016-04-14 15:10:14', 'ADV105', 9500),
(2468, '2016-04-14 15:10:17', 'ADV128', 18000),
(2469, '2016-04-14 15:10:28', 'ADV129', 17000),
(2470, '2016-04-14 15:10:42', 'ADV130', 17000),
(2471, '2016-04-14 15:10:55', 'A443', 6750),
(2472, '2016-04-14 15:11:05', 'ADV120', 8000),
(2473, '2016-04-14 15:12:03', 'ADV123', 8300),
(2474, '2016-04-14 15:12:43', 'ADV10', 70000),
(2475, '2016-04-14 15:14:17', 'ADV21', 185000),
(2476, '2016-04-14 15:14:48', 'ADV09', 94000),
(2477, '2016-04-14 15:15:35', 'ADV24', 0),
(2478, '2016-04-14 15:17:05', 'ADV32', 84000),
(2479, '2016-04-14 15:17:23', 'ADV40', 125000),
(2480, '2016-04-14 15:17:56', 'ADV41', 130000),
(2481, '2016-04-14 15:18:43', 'ADV40', 125000),
(2482, '2016-04-14 15:19:10', 'ADV37', 88000),
(2483, '2016-04-14 15:20:26', 'ADV36', 70000),
(2484, '2016-04-14 15:20:50', 'ADV67', 102000),
(2485, '2016-04-14 15:21:16', 'ADV70', 130000),
(2486, '2016-04-14 15:21:47', 'ADV66', 38000),
(2487, '2016-04-14 15:23:46', 'ADV46', 175000),
(2488, '2016-04-14 15:24:00', 'ADV46', 175000),
(2489, '2016-04-14 15:24:26', 'ADV47', 195000),
(2490, '2016-04-14 15:25:35', 'ADV82', 107000),
(2491, '2016-04-14 15:27:02', 'ADV100', 7000),
(2492, '2016-04-14 15:27:55', 'ADV114', 11000),
(2493, '2016-04-14 15:28:28', 'ADV48', 220000),
(2494, '2016-04-14 15:32:51', 'ADV05', 78000),
(2495, '2016-04-14 15:38:19', 'ADV13', 100000),
(2496, '2016-04-14 15:38:55', 'ADV13', 100000),
(2497, '2016-04-14 15:55:04', 'ADV119', 16500),
(2499, '2016-04-14 17:35:36', 'T 01', 6250),
(2500, '2016-04-14 17:36:22', 'T02', 6250),
(2501, '2016-04-14 17:37:18', 'T03', 6250),
(2502, '2016-04-14 17:37:55', 'T04', 6250),
(2503, '2016-04-14 17:38:29', 'T05', 6250),
(2504, '2016-04-14 17:39:43', 'SJ ', 2700),
(2505, '2016-04-14 17:40:28', 'SJ2', 2700),
(2507, '2016-04-14 19:09:05', 'UT 02', 2700),
(2508, '2016-04-14 19:30:52', 'ADV124', 33000),
(2509, '2016-04-14 19:39:08', 'ADV 4678', 68000),
(2510, '2016-04-14 19:40:16', 'ADV85', 68000),
(2511, '2016-04-14 19:41:09', 'ADV85', 68000),
(2512, '2016-04-14 19:43:12', 'ADV83', 68000),
(2513, '2016-04-14 19:43:37', 'ADV86', 68000),
(2514, '2016-04-14 19:50:17', 'ADV01', 19000),
(2515, '2016-04-14 19:53:04', 'ADV52', 315000),
(2516, '2016-04-15 09:26:47', 'A230', 23000),
(2517, '2016-04-15 09:27:15', 'A221', 23000),
(2518, '2016-04-15 09:28:06', 'A228', 23000),
(2519, '2016-04-15 09:28:38', 'A225', 23000),
(2520, '2016-04-15 09:28:58', 'A226', 23000),
(2521, '2016-04-15 09:37:38', 'ADV62', 35000),
(2522, '2016-04-15 09:38:16', 'ADV62', 35000),
(2523, '2016-04-15 09:38:41', 'ADV67', 102000),
(2524, '2016-04-15 09:39:42', 'ADV68', 95000),
(2525, '2016-04-15 09:40:54', 'ADV33', 94000),
(2526, '2016-04-15 09:42:04', 'ADV39', 78000),
(2527, '2016-04-15 09:43:42', 'b 206', 6000),
(2528, '2016-04-15 09:45:57', 'ADV30', 24000),
(2529, '2016-04-15 09:46:58', 'ADV03', 65000),
(2530, '2016-04-15 09:47:15', 'A72', 23000),
(2531, '2016-04-15 09:47:57', 'ADV89', 38000),
(2532, '2016-04-15 09:48:19', 'ADV89', 38000),
(2533, '2016-04-15 09:49:58', 'ADV106', 21000),
(2534, '2016-04-15 09:52:23', 'ADV124', 33000),
(2535, '2016-04-15 09:52:32', 'ADV124', 33000),
(2536, '2016-04-15 09:53:26', 'ADV123', 8300),
(2537, '2016-04-15 09:54:04', 'ADV99', 2500),
(2538, '2016-04-15 09:54:36', 'ADV125', 120000),
(2539, '2016-04-15 09:55:16', 'ADV83', 68000),
(2540, '2016-04-15 09:55:29', 'ADV86', 68000),
(2541, '2016-04-15 09:56:07', 'ADV84', 66000),
(2542, '2016-04-15 09:56:16', 'ADV 4678', 68000),
(2543, '2016-04-15 09:56:33', 'ADV85', 68000),
(2544, '2016-04-15 09:59:40', 'ADV03', 70000),
(2545, '2016-04-15 10:02:17', 'ADV89', 36000),
(2546, '2016-04-15 10:02:50', 'ADV106', 20000),
(2547, '2016-04-15 10:12:59', 'T 1-48', 5500),
(2548, '2016-04-15 10:22:22', 'A39', 23000),
(2549, '2016-04-15 10:22:23', 'A55', 23000),
(2550, '2016-04-15 10:22:23', 'A95', 35000),
(2551, '2016-04-15 10:22:23', 'A104', 50000),
(2552, '2016-04-15 10:22:23', 'A64', 23000),
(2553, '2016-04-15 10:22:24', 'A148', 45000),
(2554, '2016-04-15 10:22:24', 'A179', 50000),
(2555, '2016-04-15 10:22:24', 'A274', 25000),
(2556, '2016-04-15 10:28:12', 'A476', 20200),
(2557, '2016-04-15 10:28:12', 'A477', 20200),
(2558, '2016-04-15 10:28:13', 'A478', 22200),
(2559, '2016-04-15 10:57:13', 'A462', 12000),
(2560, '2016-04-15 10:57:13', 'A464', 12000),
(2561, '2016-04-15 10:57:14', 'A465', 12000),
(2562, '2016-04-15 10:57:14', 'A466', 12000),
(2563, '2016-04-15 10:57:14', 'A467', 12000),
(2564, '2016-04-15 10:57:14', 'A32', 23000),
(2565, '2016-04-15 10:57:14', 'A33', 23000),
(2566, '2016-04-15 10:57:14', 'A34', 23000),
(2567, '2016-04-15 10:57:15', 'A38', 23000),
(2568, '2016-04-15 10:57:15', 'A37', 23000),
(2569, '2016-04-15 10:57:15', 'A36', 23000),
(2570, '2016-04-15 10:57:15', 'A46', 23000),
(2571, '2016-04-15 10:57:15', 'A47', 23000),
(2572, '2016-04-15 10:57:16', 'A48', 23000),
(2573, '2016-04-15 10:57:16', 'A49', 23000),
(2574, '2016-04-15 10:57:16', 'A52', 23000),
(2575, '2016-04-15 10:57:16', 'A53', 23000),
(2576, '2016-04-15 10:57:16', 'A54', 23000),
(2577, '2016-04-15 10:57:16', 'A50', 23000),
(2578, '2016-04-15 10:57:16', 'A58', 35000),
(2579, '2016-04-15 10:57:16', 'A59', 35000),
(2580, '2016-04-15 10:57:16', 'A61', 35000),
(2581, '2016-04-15 10:57:17', 'A57', 35000),
(2582, '2016-04-15 10:57:17', 'A56', 23000),
(2583, '2016-04-15 10:57:17', 'A63', 23000),
(2584, '2016-04-15 10:57:17', 'A67', 23000),
(2585, '2016-04-15 10:57:17', 'A72', 23000),
(2586, '2016-04-15 10:57:17', 'A73', 23000),
(2587, '2016-04-15 10:57:17', 'A75', 30000),
(2588, '2016-04-15 10:57:17', 'A76', 40000),
(2589, '2016-04-15 10:57:18', 'A77', 60000),
(2590, '2016-04-15 10:57:18', 'A96', 35000),
(2591, '2016-04-15 10:57:18', 'A93', 30000),
(2592, '2016-04-15 10:57:18', 'A92', 30000),
(2593, '2016-04-15 10:57:18', 'A91', 30000),
(2594, '2016-04-15 10:57:18', 'A90', 30000),
(2595, '2016-04-15 10:57:18', 'A88', 30000),
(2596, '2016-04-15 10:57:18', 'A87', 30000),
(2597, '2016-04-15 10:57:18', 'A97', 35000),
(2598, '2016-04-15 10:57:19', 'A98', 35000),
(2599, '2016-04-15 10:57:19', 'A99', 40000),
(2600, '2016-04-15 10:57:19', 'A100', 40000),
(2601, '2016-04-15 10:57:19', 'A101', 40000),
(2602, '2016-04-15 10:57:20', 'A103', 40000),
(2603, '2016-04-15 10:57:20', 'A102', 40000),
(2604, '2016-04-15 10:57:20', 'A105', 50000),
(2605, '2016-04-15 10:57:20', 'A106', 50000),
(2606, '2016-04-15 10:57:20', 'A108', 50000),
(2607, '2016-04-15 10:57:20', 'A107', 50000),
(2608, '2016-04-15 10:57:20', 'A109', 65000),
(2609, '2016-04-15 10:57:20', 'A110', 65000),
(2610, '2016-04-15 10:57:21', 'A111', 65000),
(2611, '2016-04-15 10:57:21', 'A112', 65000),
(2612, '2016-04-15 10:57:21', 'A113', 65000),
(2613, '2016-04-15 10:57:21', 'A115', 65000),
(2614, '2016-04-15 10:57:21', 'A116', 65000),
(2615, '2016-04-15 10:57:21', 'A117', 65000),
(2616, '2016-04-15 10:57:21', 'A132', 65000),
(2617, '2016-04-15 10:57:22', 'A150', 45000),
(2618, '2016-04-15 10:57:22', 'A160', 45000),
(2619, '2016-04-15 10:57:22', 'A158', 45000),
(2620, '2016-04-15 10:57:22', 'A157', 45000),
(2621, '2016-04-15 11:18:28', 'U40', 2700),
(2622, '2016-04-15 11:26:35', 'U6', 2700),
(2623, '2016-04-15 11:27:00', 'U19', 2700),
(2625, '2016-04-15 11:28:07', 'U29', 2700),
(2626, '2016-04-15 11:28:44', 'U31', 2700),
(2628, '2016-04-15 11:32:43', 'U11', 2700),
(2629, '2016-04-15 11:33:03', 'U14', 2700),
(2630, '2016-04-15 11:33:10', 'U14', 2700),
(2631, '2016-04-15 11:33:17', 'U15', 2700),
(2632, '2016-04-15 11:33:40', 'UT 02', 2700),
(2634, '2016-04-15 11:34:42', 'U5', 2700),
(2635, '2016-04-15 11:34:58', 'U30', 2700),
(2636, '2016-04-15 11:35:17', 'U27', 2700),
(2638, '2016-04-15 11:35:50', 'U7', 2700),
(2640, '2016-04-15 11:37:52', 'U40', 2700),
(2641, '2016-04-15 11:40:12', 'U7', 2700),
(2642, '2016-04-15 11:44:33', 'ADV104', 14000),
(2643, '2016-04-15 11:45:00', 'ADV104', 14000),
(2644, '2016-04-15 11:45:31', 'ADV104', 15000),
(2645, '2016-04-15 11:49:11', 'ADV104', 15000),
(2646, '2016-04-15 12:28:31', 'BA', 40000),
(2647, '2016-04-15 12:32:22', 'BT O', 50000),
(2648, '2016-04-15 12:48:35', 'A154', 45000),
(2649, '2016-04-15 12:48:35', 'A155', 45000),
(2650, '2016-04-15 12:48:35', 'A133', 65000),
(2651, '2016-04-15 12:48:36', 'A296', 65000),
(2652, '2016-04-15 12:48:36', 'A81', 85000),
(2653, '2016-04-15 12:48:36', 'A80', 85000),
(2654, '2016-04-15 12:48:36', 'A167', 50000),
(2655, '2016-04-15 12:48:36', 'A169', 50000),
(2656, '2016-04-15 12:48:36', 'A172', 50000),
(2657, '2016-04-15 12:48:36', 'A171', 50000),
(2658, '2016-04-15 12:48:37', 'A174', 50000),
(2659, '2016-04-15 12:48:37', 'A176', 50000),
(2660, '2016-04-15 12:48:37', 'A177', 50000),
(2661, '2016-04-15 12:48:37', 'A178', 50000),
(2662, '2016-04-15 12:48:37', 'A180', 50000),
(2663, '2016-04-15 12:48:37', 'A181', 50000),
(2664, '2016-04-15 12:48:37', 'A196', 50000),
(2665, '2016-04-15 12:48:38', 'A184', 50000),
(2666, '2016-04-15 12:48:38', 'A186', 50000),
(2667, '2016-04-15 12:48:38', 'A187', 50000),
(2668, '2016-04-15 12:48:38', 'A189', 50000),
(2669, '2016-04-15 12:48:38', 'A194', 50000),
(2670, '2016-04-15 12:48:38', 'A193', 50000),
(2671, '2016-04-15 12:48:38', 'A205', 80000),
(2672, '2016-04-15 12:48:39', 'A206', 80000),
(2673, '2016-04-15 12:48:39', 'A207', 80000),
(2674, '2016-04-15 12:48:39', 'A212', 50000),
(2675, '2016-04-15 12:48:39', 'A213', 50000),
(2676, '2016-04-15 12:48:39', 'A220', 19000),
(2677, '2016-04-15 12:48:39', 'A221', 19000),
(2678, '2016-04-15 12:48:39', 'A230', 19000),
(2679, '2016-04-15 12:48:39', 'A225', 19000),
(2680, '2016-04-15 12:48:39', 'A275', 25000),
(2681, '2016-04-15 12:48:40', 'A403', 2500),
(2682, '2016-04-15 12:48:40', 'A259', 30000),
(2683, '2016-04-15 12:48:40', 'A419', 8500),
(2684, '2016-04-15 12:48:40', 'A487', 5750),
(2685, '2016-04-15 12:48:40', 'A415', 7500),
(2686, '2016-04-15 12:48:40', 'A06', 6750),
(2687, '2016-04-15 12:48:40', 'A05', 6750),
(2688, '2016-04-15 12:48:40', 'A02', 5250),
(2689, '2016-04-15 12:48:41', 'A17', 11000),
(2690, '2016-04-15 12:48:41', 'A18', 14000),
(2691, '2016-04-15 12:48:41', 'A14', 9500),
(2692, '2016-04-15 12:48:41', 'A12', 4750),
(2693, '2016-04-15 12:48:41', 'A488', 6500),
(2694, '2016-04-15 12:48:42', 'A347', 13000),
(2695, '2016-04-15 12:48:42', 'A371', 35000),
(2696, '2016-04-15 12:48:42', 'A190', 50000),
(2697, '2016-04-15 12:48:42', 'A348', 30000),
(2698, '2016-04-15 12:48:42', 'A368', 35000),
(2699, '2016-04-15 12:48:42', 'A486', 2000),
(2700, '2016-04-15 12:48:42', 'A411', 3500),
(2701, '2016-04-15 12:48:43', 'A459', 12000),
(2702, '2016-04-15 12:48:43', 'A458', 12000),
(2703, '2016-04-15 12:48:43', 'A457', 12000),
(2704, '2016-04-15 12:48:43', 'A453', 9500),
(2705, '2016-04-15 12:48:43', 'A456', 9500),
(2706, '2016-04-15 12:48:43', 'A450', 8000),
(2707, '2016-04-15 12:48:43', 'A449', 6750),
(2708, '2016-04-15 12:48:44', 'A451', 8000),
(2709, '2016-04-15 12:48:44', 'A429', 5750),
(2710, '2016-04-15 12:48:44', 'A430', 5750),
(2711, '2016-04-15 12:48:44', 'A434', 6750),
(2712, '2016-04-15 12:52:48', 'ES10', 55000),
(2713, '2016-04-15 12:56:35', 'H12', 140000),
(2714, '2016-04-15 12:57:16', 'ADV76', 260000),
(2715, '2016-04-15 13:03:11', 'A435', 6750),
(2716, '2016-04-15 13:03:11', 'A437', 6750),
(2717, '2016-04-15 13:03:12', 'A438', 6750),
(2718, '2016-04-15 13:03:12', 'A441', 6750),
(2719, '2016-04-15 13:03:12', 'A442', 6750),
(2720, '2016-04-15 13:03:12', 'A447', 6750),
(2721, '2016-04-15 13:03:12', 'BT O', 50000),
(2722, '2016-04-15 13:03:12', 'BA', 40000),
(2723, '2016-04-15 13:03:12', 'A710', 10000),
(2724, '2016-04-15 13:23:35', 'ADV119', 16500),
(2725, '2016-04-15 13:23:35', 'ADV48', 220000),
(2726, '2016-04-15 13:23:35', 'ADV52', 295000),
(2727, '2016-04-15 13:23:35', 'ADV49', 255000),
(2728, '2016-04-15 13:23:36', 'ADV33', 94000),
(2729, '2016-04-15 13:23:36', 'ADV115', 85000),
(2730, '2016-04-15 13:23:36', 'ADV98', 4000),
(2731, '2016-04-15 13:23:36', 'ADV97', 8000),
(2732, '2016-04-15 13:23:37', 'ADV117', 12500),
(2733, '2016-04-15 13:29:46', 'ADV68', 95000),
(2734, '2016-04-15 13:29:46', 'ADV124', 33000),
(2735, '2016-04-15 13:29:46', 'ADV52', 295000),
(2736, '2016-04-15 13:29:46', 'ADV98', 4000),
(2737, '2016-04-15 13:29:46', 'ADV97', 8000),
(2738, '2016-04-15 13:29:46', 'ADV117', 12500),
(2739, '2016-04-15 13:29:47', 'ADV 4678', 68000),
(2740, '2016-04-15 13:29:47', 'ADV85', 68000),
(2741, '2016-04-15 13:29:47', 'ADV83', 68000),
(2742, '2016-04-15 13:29:47', 'ADV86', 68000),
(2743, '2016-04-15 13:29:47', 'ADV84', 66000),
(2744, '2016-04-15 13:29:47', 'ADV44', 265000),
(2745, '2016-04-15 13:29:47', 'ES10', 55000),
(2746, '2016-04-15 13:29:47', 'H12', 140000),
(2747, '2016-04-15 13:29:48', 'ADV74', 170000),
(2748, '2016-04-15 13:29:48', 'ADV75', 185000),
(2749, '2016-04-15 13:29:48', 'ADV76', 260000),
(2750, '2016-04-15 13:29:48', 'ADV01', 19000),
(2751, '2016-04-15 13:29:48', 'ADV48', 220000),
(2752, '2016-04-15 13:29:49', 'ADV33', 94000),
(2753, '2016-04-15 15:09:34', 'ADV10', 70000),
(2754, '2016-04-15 15:09:57', 'ADV29', 70000),
(2755, '2016-04-15 15:10:16', 'ADV07', 70000),
(2756, '2016-04-15 15:20:44', 'PB88', 125000),
(2757, '2016-04-15 16:57:55', 'UT', 2700),
(2758, '2016-04-15 17:08:35', 'UT', 2700),
(2759, '2016-04-15 17:18:41', 'UT', 2700),
(2760, '2016-04-15 17:18:48', 'UT', 2700),
(2761, '2016-04-15 18:00:03', 'A476', 20200),
(2762, '2016-04-15 18:00:04', 'A477', 20200),
(2763, '2016-04-15 18:00:04', 'A478', 22200),
(2764, '2016-04-16 13:48:14', 'J01', 0),
(2765, '2016-04-16 13:52:14', 'J01', 65000);

-- --------------------------------------------------------

--
-- Struktur dari tabel `history_pembayaran_grosir`
--

CREATE TABLE IF NOT EXISTS `history_pembayaran_grosir` (
  `id_pembayaran` int(11) NOT NULL AUTO_INCREMENT,
  `tgl_bayar` datetime NOT NULL,
  `jumlah_cicil` int(11) NOT NULL,
  `kekurangan_cicil` int(11) NOT NULL,
  `no_nota` varchar(25) NOT NULL,
  PRIMARY KEY (`id_pembayaran`),
  KEY `no_nota` (`no_nota`)
) ENGINE=InnoDB DEFAULT CHARSET=latin1 AUTO_INCREMENT=1 ;

-- --------------------------------------------------------

--
-- Struktur dari tabel `history_pembayaran_suplier`
--

CREATE TABLE IF NOT EXISTS `history_pembayaran_suplier` (
  `id_pembayaran` int(11) NOT NULL AUTO_INCREMENT,
  `tgl_bayar` datetime NOT NULL,
  `jumlah_cicil` int(11) NOT NULL,
  `kekurangan_cicil` int(11) NOT NULL,
  `no_nota` varchar(25) NOT NULL,
  PRIMARY KEY (`id_pembayaran`),
  KEY `no_nota` (`no_nota`)
) ENGINE=InnoDB DEFAULT CHARSET=latin1 AUTO_INCREMENT=1 ;

-- --------------------------------------------------------

--
-- Struktur dari tabel `history_saldo`
--

CREATE TABLE IF NOT EXISTS `history_saldo` (
  `id_history` int(11) NOT NULL AUTO_INCREMENT,
  `kode` varchar(25) NOT NULL,
  `tanggal` datetime NOT NULL,
  `saldo` int(11) NOT NULL,
  `id_cabang` varchar(25) DEFAULT NULL,
  `saldo_rusak` int(11) NOT NULL DEFAULT '0',
  PRIMARY KEY (`id_history`),
  KEY `kode` (`kode`),
  KEY `id_cabang` (`id_cabang`)
) ENGINE=InnoDB  DEFAULT CHARSET=latin1 AUTO_INCREMENT=1488 ;

--
-- Dumping data untuk tabel `history_saldo`
--

INSERT INTO `history_saldo` (`id_history`, `kode`, `tanggal`, `saldo`, `id_cabang`, `saldo_rusak`) VALUES
(37, 'A0001', '2016-04-11 11:04:51', 0, '6', 0),
(38, 'A0002', '2016-04-11 11:05:48', 0, '6', 0),
(39, 'A0003', '2016-04-11 11:06:32', 0, '6', 0),
(40, 'A01', '2016-04-11 11:09:12', 433, '6', 0),
(41, 'A02', '2016-04-11 11:10:43', 487, '6', 0),
(42, 'A03', '2016-04-11 11:15:03', 537, '6', 0),
(43, 'A04', '2016-04-11 11:16:12', 0, '6', 0),
(44, 'A05', '2016-04-11 11:16:36', 307, '6', 0),
(45, 'A06', '2016-04-11 11:18:09', 408, '6', 0),
(46, 'A07', '2016-04-11 11:18:51', 23, '6', 0),
(47, 'A10', '2016-04-11 11:19:19', 126, '6', 0),
(48, 'A12', '2016-04-11 11:20:09', 532, '6', 0),
(49, 'A15', '2016-04-11 11:20:36', 263, '6', 0),
(50, 'A14', '2016-04-11 11:22:36', 329, '6', 0),
(51, 'A13', '2016-04-11 11:28:08', 341, '6', 0),
(52, 'A13', '2016-04-11 11:28:10', 341, '6', 0),
(53, 'A13', '2016-04-11 11:28:11', 341, '6', 0),
(54, 'A0004', '2016-04-11 11:30:56', 94, '6', 0),
(55, 'A17', '2016-04-11 11:31:30', 252, '6', 0),
(56, 'A18', '2016-04-11 11:32:20', 228, '6', 0),
(57, 'A21', '2016-04-11 11:33:50', 32, '6', 0),
(58, 'A34', '2016-04-11 11:59:29', 40, '6', 0),
(59, 'A36', '2016-04-11 11:59:38', 33, '6', 0),
(60, 'A37', '2016-04-11 11:59:53', 142, '6', 0),
(61, 'A39', '2016-04-11 12:00:17', 27, '6', 0),
(62, 'A46', '2016-04-11 12:00:35', 20, '6', 0),
(63, 'A47', '2016-04-11 12:00:49', 38, '6', 0),
(64, 'A48', '2016-04-11 12:01:00', 12, '6', 0),
(65, 'A51', '2016-04-11 12:01:15', 27, '6', 0),
(66, 'A52', '2016-04-11 12:01:24', 23, '6', 0),
(67, 'A56', '2016-04-11 12:01:40', 18, '6', 0),
(68, 'A60', '2016-04-11 12:01:52', 0, '6', 0),
(69, 'A64', '2016-04-11 12:02:14', 6, '6', 0),
(70, 'A75', '2016-04-11 12:02:37', 64, '6', 0),
(71, 'A76', '2016-04-11 12:02:46', 12, '6', 0),
(72, 'A79', '2016-04-11 12:02:57', 16, '6', 0),
(73, 'A84', '2016-04-11 12:03:17', 1, '6', 0),
(74, 'A147', '2016-04-11 12:06:07', 3, '6', 0),
(75, 'A211', '2016-04-11 12:07:19', 0, '6', 0),
(76, 'A212', '2016-04-11 12:07:33', 10, '6', 0),
(77, 'A213', '2016-04-11 12:07:47', 10, '6', 0),
(78, 'A148', '2016-04-11 12:10:04', 10, '6', 0),
(79, 'A149', '2016-04-11 12:10:16', 0, '6', 0),
(80, 'A303', '2016-04-11 12:10:50', 0, '6', 0),
(81, 'A304', '2016-04-11 12:11:02', 0, '6', 0),
(82, 'A303', '2016-04-11 12:12:17', 0, '6', 0),
(83, 'A304', '2016-04-11 12:12:38', 0, '6', 0),
(84, 'A150', '2016-04-11 12:13:04', 34, '6', 0),
(85, 'A151', '2016-04-11 12:13:22', 0, '6', 0),
(86, 'A152', '2016-04-11 12:13:31', -5, '6', 0),
(87, 'A153', '2016-04-11 12:13:42', -10, '6', 0),
(88, 'A154', '2016-04-11 12:13:54', 20, '6', 0),
(89, 'A155', '2016-04-11 12:14:13', 20, '6', 0),
(90, 'A156', '2016-04-11 12:14:27', 0, '6', 0),
(91, 'A157', '2016-04-11 12:14:39', 20, '6', 0),
(92, 'A158', '2016-04-11 12:14:58', 20, '6', 0),
(93, 'A161', '2016-04-11 12:15:18', 0, '6', 0),
(94, 'A159', '2016-04-11 12:15:29', 0, '6', 0),
(95, 'A160', '2016-04-11 12:15:41', 60, '6', 0),
(96, 'A162', '2016-04-11 12:15:59', 0, '6', 0),
(97, 'A163', '2016-04-11 12:16:45', 0, '6', 0),
(98, 'A164', '2016-04-11 12:16:52', 0, '6', 0),
(99, 'A165', '2016-04-11 12:17:08', 0, '6', 0),
(100, 'A166', '2016-04-11 12:19:42', 0, '6', 0),
(101, 'A167', '2016-04-11 12:19:59', 10, '6', 0),
(102, 'A168', '2016-04-11 12:20:30', 11, '6', 0),
(103, 'A169', '2016-04-11 12:22:30', 5, '6', 0),
(104, 'A170', '2016-04-11 12:22:41', 0, '6', 0),
(105, 'A171', '2016-04-11 12:22:50', 5, '6', 0),
(106, 'A172', '2016-04-11 12:23:01', 7, '6', 0),
(107, 'A173', '2016-04-11 12:23:15', 0, '6', 0),
(108, 'A174', '2016-04-11 12:23:26', 6, '6', 0),
(109, 'A175', '2016-04-11 12:23:38', 0, '6', 0),
(110, 'A176', '2016-04-11 12:24:00', 6, '6', 0),
(111, 'A177', '2016-04-11 12:24:29', 5, '6', 0),
(112, 'A178', '2016-04-11 12:24:37', 7, '6', 0),
(113, 'A179', '2016-04-11 12:24:48', 5, '6', 0),
(114, 'A180', '2016-04-11 12:25:08', 15, '6', 0),
(115, 'A181', '2016-04-11 12:25:28', 5, '6', 0),
(116, 'A182', '2016-04-11 12:25:37', 0, '6', 0),
(117, 'A183', '2016-04-11 12:25:47', 0, '6', 0),
(118, 'A184', '2016-04-11 12:27:45', 5, '6', 0),
(119, 'A185', '2016-04-11 12:27:59', 0, '6', 0),
(120, 'A186', '2016-04-11 12:28:09', 5, '6', 0),
(121, 'A187', '2016-04-11 12:28:24', 5, '6', 0),
(122, 'A188', '2016-04-11 12:28:34', 0, '6', 0),
(123, 'A189', '2016-04-11 12:28:56', 5, '6', 0),
(124, 'A190', '2016-04-11 12:29:08', 5, '6', 0),
(125, 'A191', '2016-04-11 12:29:24', 0, '6', 0),
(126, 'A192', '2016-04-11 12:29:39', 0, '6', 0),
(127, 'A193', '2016-04-11 12:29:49', 5, '6', 0),
(128, 'A194', '2016-04-11 12:29:58', 5, '6', 0),
(129, 'A195', '2016-04-11 12:30:12', 0, '6', 0),
(130, 'A196', '2016-04-11 12:30:27', 40, '6', 0),
(131, 'A197', '2016-04-11 12:30:38', 0, '6', 0),
(132, 'A198', '2016-04-11 12:30:55', 0, '6', 0),
(133, 'A199', '2016-04-11 12:31:32', 0, '6', 0),
(134, 'A200', '2016-04-11 12:31:42', 0, '6', 0),
(135, 'A201', '2016-04-11 12:31:59', 0, '6', 0),
(136, 'A202', '2016-04-11 12:32:17', 0, '6', 0),
(137, 'A203', '2016-04-11 12:32:48', 0, '6', 0),
(138, 'A204', '2016-04-11 12:32:57', 0, '6', 0),
(139, 'A205', '2016-04-11 12:33:09', 8, '6', 0),
(140, 'A206', '2016-04-11 12:33:21', 10, '6', 0),
(141, 'A207', '2016-04-11 12:33:44', 5, '6', 0),
(142, 'A208', '2016-04-11 12:35:31', 0, '6', 0),
(143, 'A209', '2016-04-11 12:35:41', 0, '6', 0),
(144, 'A210', '2016-04-11 12:35:51', 0, '6', 0),
(145, 'A214', '2016-04-11 12:36:21', 0, '6', 0),
(146, 'A215', '2016-04-11 12:36:40', 0, '6', 0),
(147, 'A216', '2016-04-11 12:36:56', 6, '6', 0),
(148, 'A217', '2016-04-11 12:37:40', 0, '6', 0),
(149, 'A218', '2016-04-11 12:37:53', 32, '6', 0),
(150, 'A219', '2016-04-11 12:38:05', 10, '6', 0),
(151, 'A58', '2016-04-12 09:47:20', 2, '6', 0),
(152, 'A64', '2016-04-12 09:47:39', 6, '6', 0),
(153, 'A75', '2016-04-12 09:48:35', 64, '6', 0),
(155, 'A86', '2016-04-12 09:55:24', 25, '6', 0),
(156, 'A87', '2016-04-12 09:55:59', 49, '6', 0),
(157, 'A96', '2016-04-12 09:56:32', 20, '6', 0),
(158, 'A98', '2016-04-12 09:56:55', 22, '6', 0),
(159, 'A99', '2016-04-12 09:57:18', 17, '6', 0),
(160, 'A101', '2016-04-12 09:57:48', 10, '6', 0),
(161, 'A103', '2016-04-12 09:58:14', 13, '6', 0),
(162, 'A105', '2016-04-12 09:58:34', 18, '6', 0),
(163, 'A107', '2016-04-12 09:58:51', 8, '6', 0),
(164, 'A119', '2016-04-12 09:59:15', 11, '6', 0),
(165, 'A120', '2016-04-12 09:59:56', 10, '6', 0),
(166, 'A168', '2016-04-12 10:04:37', 11, '6', 0),
(167, 'A172', '2016-04-12 10:05:46', 7, '6', 0),
(168, 'A175', '2016-04-12 10:07:02', 0, '6', 0),
(169, 'A221', '2016-04-12 10:09:35', 51, '6', 0),
(170, 'A226', '2016-04-12 10:09:58', 19, '6', 0),
(171, 'A233', '2016-04-12 10:10:39', 85, '6', 0),
(172, 'A234', '2016-04-12 10:10:59', 6, '6', 0),
(173, 'A236', '2016-04-12 10:11:20', 9, '6', 0),
(174, 'A237', '2016-04-12 10:11:51', 2, '6', 0),
(175, 'A257', '2016-04-12 10:12:11', 31, '6', 0),
(176, 'DX1', '2016-04-12 10:13:49', 11, '6', 0),
(177, 'A897', '2016-04-12 10:15:38', 32, '6', 0),
(178, 'A899', '2016-04-12 10:16:18', 5, '6', 0),
(179, 'A285', '2016-04-12 10:16:47', 1, '6', 0),
(180, 'A307', '2016-04-12 10:17:12', 3, '6', 0),
(181, 'A318', '2016-04-12 10:17:32', 110, '6', 0),
(182, 'A319', '2016-04-12 10:17:45', 11, '6', 0),
(183, 'A320', '2016-04-12 10:17:58', 7, '6', 0),
(184, 'A322', '2016-04-12 10:18:10', 28, '6', 0),
(185, 'A331', '2016-04-12 10:18:30', 12, '6', 0),
(186, 'A347', '2016-04-12 10:19:07', 413, '6', 0),
(187, 'A348', '2016-04-12 10:19:32', 163, '6', 0),
(188, 'A400', '2016-04-12 10:19:45', 61, '6', 0),
(189, 'A401', '2016-04-12 10:20:01', 128, '6', 0),
(190, 'A403', '2016-04-12 10:20:28', 1008, '6', 0),
(191, 'A411', '2016-04-12 10:21:11', 619, '6', 0),
(192, 'A415', '2016-04-12 10:21:34', 601, '6', 0),
(193, 'A418', '2016-04-12 10:21:52', 1, '6', 0),
(194, 'A421', '2016-04-12 10:22:14', 1094, '6', 0),
(195, 'A423', '2016-04-12 10:22:36', 677, '6', 0),
(196, 'A900', '2016-04-12 10:24:16', 516, '6', 0),
(197, 'A422', '2016-04-12 10:24:49', 0, '6', 0),
(198, 'A429', '2016-04-12 10:25:11', 390, '6', 0),
(199, 'A431', '2016-04-12 10:25:25', 7, '6', 0),
(200, 'A432', '2016-04-12 10:25:36', 43, '6', 0),
(201, 'A433', '2016-04-12 10:25:48', 4, '6', 0),
(202, 'A435', '2016-04-12 10:25:59', 100, '6', 0),
(203, 'A436', '2016-04-12 10:26:12', 59, '6', 0),
(204, 'A438', '2016-04-12 10:26:22', 79, '6', 0),
(205, 'A441', '2016-04-12 10:26:33', 97, '6', 0),
(206, 'A442', '2016-04-12 10:26:48', 64, '6', 0),
(207, 'A446', '2016-04-12 10:27:09', 10, '6', 0),
(208, 'A447', '2016-04-12 10:27:31', 60, '6', 0),
(209, 'A448', '2016-04-12 10:27:46', 14, '6', 0),
(210, 'A449', '2016-04-12 10:27:54', 65, '6', 0),
(211, 'A450', '2016-04-12 10:28:12', 74, '6', 0),
(212, 'A452', '2016-04-12 10:28:21', 29, '6', 0),
(213, 'A456', '2016-04-12 10:28:44', 200, '6', 0),
(214, 'A458', '2016-04-12 10:28:55', 35, '6', 0),
(215, 'A461', '2016-04-12 10:29:07', 23, '6', 0),
(216, 'A463', '2016-04-12 10:29:19', 35, '6', 0),
(217, 'A464', '2016-04-12 10:29:29', 40, '6', 0),
(218, 'A465', '2016-04-12 10:29:42', 46, '6', 0),
(219, 'A466', '2016-04-12 10:29:53', 52, '6', 0),
(220, 'A468', '2016-04-12 10:30:02', 26, '6', 0),
(221, 'A469', '2016-04-12 10:30:15', 10, '6', 0),
(222, 'A901', '2016-04-12 10:31:38', 8, '6', 0),
(223, 'A476', '2016-04-12 10:32:02', 259, '6', 0),
(224, 'A478', '2016-04-12 10:32:27', 196, '6', 0),
(225, 'A479', '2016-04-12 10:32:53', 33, '6', 0),
(226, 'A26', '2016-04-12 10:34:26', 891, '6', 0),
(227, 'A27', '2016-04-12 10:34:40', 75, '6', 0),
(228, 'A28', '2016-04-12 10:34:49', 163, '6', 0),
(229, 'A29', '2016-04-12 10:35:02', 44, '6', 0),
(230, 'A30', '2016-04-12 10:35:13', 2074, '6', 0),
(231, 'A490', '2016-04-12 10:35:38', 9, '6', 0),
(232, 'A491', '2016-04-12 10:35:47', 24, '6', 0),
(233, 'A492', '2016-04-12 10:35:59', 32, '6', 0),
(234, 'A493', '2016-04-12 10:36:10', 16, '6', 0),
(235, 'A316', '2016-04-12 10:40:08', 4, '6', 0),
(236, 'A314', '2016-04-12 10:40:22', 1, '6', 0),
(237, 'A903', '2016-04-12 10:48:34', 2, '6', 0),
(238, 'A904', '2016-04-12 10:52:37', 1, '6', 0),
(239, 'A20', '2016-04-12 10:52:52', 2, '6', 0),
(240, 'A11', '2016-04-12 10:53:54', 18, '6', 0),
(241, 'A20', '2016-04-12 10:54:18', 2, '6', 0),
(242, 'A42', '2016-04-12 10:56:11', 9, '6', 0),
(243, 'A78', '2016-04-12 10:56:37', 6, '6', 0),
(244, 'ADV01', '2016-04-12 10:57:38', 1453, '6', 0),
(245, 'ADV03', '2016-04-12 10:57:58', 660, '6', 0),
(246, 'ADV04', '2016-04-12 10:58:10', 1, '6', 0),
(247, 'ADV05', '2016-04-12 10:58:21', 239, '6', 0),
(248, 'ADV07', '2016-04-12 10:58:47', 3, '6', 0),
(249, 'ADV08', '2016-04-12 10:59:27', 4, '6', 0),
(250, 'ADV09', '2016-04-12 10:59:40', 420, '6', 0),
(251, 'ADV10', '2016-04-12 10:59:55', 220, '6', 0),
(252, 'ADV11', '2016-04-12 11:00:08', 88, '6', 0),
(253, 'ADV14', '2016-04-12 11:00:49', 0, '6', 0),
(254, 'ADV17', '2016-04-12 11:01:08', 2, '6', 0),
(255, 'ADV19', '2016-04-12 11:01:23', 43, '6', 0),
(256, 'ADV20', '2016-04-12 11:01:45', 1, '6', 0),
(257, 'ADV21', '2016-04-12 11:01:57', 112, '6', 0),
(258, 'ADV32', '2016-04-12 11:06:01', 167, '6', 0),
(259, 'ADV33', '2016-04-12 11:06:49', 178, '6', 0),
(260, 'ADV36', '2016-04-12 11:07:05', 191, '6', 0),
(261, 'ADV37', '2016-04-12 11:07:15', 181, '6', 0),
(262, 'ADV38', '2016-04-12 11:07:37', -15, '6', 0),
(263, 'ADV39', '2016-04-12 11:07:49', 247, '6', 0),
(264, 'ADV40', '2016-04-12 11:08:06', 96, '6', 0),
(265, 'ADV41', '2016-04-12 11:08:31', 98, '6', 0),
(266, 'ADV43', '2016-04-12 11:08:51', -36, '6', 0),
(267, 'ADV44', '2016-04-12 11:09:06', 4, '6', 0),
(268, 'ADV46', '2016-04-12 11:09:24', 27, '6', 0),
(269, 'ADV47', '2016-04-12 11:10:37', 6, '6', 0),
(270, 'ADV51', '2016-04-12 11:11:02', -5, '6', 0),
(271, 'ADV22', '2016-04-12 11:12:01', 1, '6', 0),
(272, 'ADV09', '2016-04-12 11:15:00', 420, '6', 0),
(273, 'ADV23', '2016-04-12 11:15:11', 1, '6', 0),
(274, 'ADV24', '2016-04-12 11:15:58', 524, '6', 0),
(275, 'ADV25', '2016-04-12 11:16:21', 1, '6', 0),
(276, 'ADV26', '2016-04-12 11:16:54', 5, '6', 0),
(277, 'ADV27', '2016-04-12 11:17:09', 3, '6', 0),
(279, 'ADV74', '2016-04-12 11:18:07', 28, '6', 0),
(280, 'A01', '2016-04-12 12:33:47', 40, '3', 0),
(281, 'A02', '2016-04-12 12:33:59', 3, '3', 0),
(282, 'A03', '2016-04-12 12:34:08', 24, '3', 0),
(283, 'A06', '2016-04-12 12:34:19', 49, '3', 0),
(285, 'A09', '2016-04-12 12:35:29', 39, '3', 0),
(286, 'A10', '2016-04-12 12:35:54', 41, '3', 0),
(287, 'A14', '2016-04-12 12:36:24', 212, '3', 0),
(288, 'A17', '2016-04-12 12:40:21', 9, '3', 0),
(289, 'A20', '2016-04-12 12:40:49', 768, '3', 0),
(290, 'A21', '2016-04-12 12:41:08', 15, '3', 0),
(291, 'A22', '2016-04-12 12:41:47', 9, '3', 0),
(292, 'A24', '2016-04-12 12:42:16', 227, '3', 0),
(293, 'A25', '2016-04-12 12:44:18', 11, '3', 0),
(294, 'A28', '2016-04-12 12:45:20', 10, '3', 0),
(295, 'A29', '2016-04-12 12:45:32', 27, '3', 0),
(296, 'A30', '2016-04-12 12:45:43', 50, '3', 0),
(297, 'A36', '2016-04-12 12:46:25', 15, '3', 0),
(298, 'A37', '2016-04-12 12:46:37', 10, '3', 0),
(299, 'A51', '2016-04-12 12:46:55', 9, '3', 0),
(300, 'A52', '2016-04-12 12:47:17', 1, '3', 0),
(301, 'A56', '2016-04-12 12:47:32', 3, '3', 0),
(302, 'A59', '2016-04-12 12:47:46', 4, '3', 0),
(303, 'A61', '2016-04-12 12:48:02', 2, '3', 0),
(304, 'A64', '2016-04-12 12:48:20', 7, '3', 0),
(305, 'A67', '2016-04-12 12:48:44', 13, '3', 0),
(306, 'A73', '2016-04-12 12:50:21', 5, '3', 0),
(307, 'A75', '2016-04-12 12:53:10', 9, '3', 0),
(308, 'A76', '2016-04-12 12:53:49', 17, '3', 0),
(309, 'A77', '2016-04-12 12:54:20', 13, '3', 0),
(310, 'A79', '2016-04-12 12:54:35', 2, '3', 0),
(311, 'A81', '2016-04-12 12:54:56', 12, '3', 0),
(312, 'A85', '2016-04-12 12:55:15', 2, '3', 0),
(313, 'A86', '2016-04-12 12:56:02', 2, '3', 0),
(314, 'A87', '2016-04-12 12:56:17', 1, '3', 0),
(315, 'A95', '2016-04-12 12:56:30', 11, '3', 0),
(316, 'A97', '2016-04-12 12:56:56', 4, '3', 0),
(317, 'A98', '2016-04-12 12:58:43', 4, '3', 0),
(318, 'A99', '2016-04-12 12:59:07', 19, '3', 0),
(319, 'A102', '2016-04-12 12:59:28', 1, '3', 0),
(320, 'A110', '2016-04-12 12:59:45', 1, '3', 0),
(321, 'A114', '2016-04-12 13:00:07', 3, '3', 0),
(322, 'A121', '2016-04-12 13:00:25', 7, '3', 0),
(323, 'A122', '2016-04-12 13:00:46', 4, '3', 0),
(324, 'ADV77', '2016-04-12 13:01:05', 2, '6', 0),
(325, 'A150', '2016-04-12 13:01:26', 9, '3', 0),
(327, 'A152', '2016-04-12 13:01:39', 4, '3', 0),
(328, 'A153', '2016-04-12 13:01:50', 3, '3', 0),
(329, 'ADV82', '2016-04-12 13:02:03', 52, '6', 0),
(330, 'A155', '2016-04-12 13:02:09', 3, '3', 0),
(331, 'ADV87', '2016-04-12 13:02:26', 1, '6', 0),
(332, 'A158', '2016-04-12 13:02:27', 10, '3', 0),
(333, 'A166', '2016-04-12 13:03:01', 5, '3', 0),
(334, 'A174', '2016-04-12 13:03:24', 1, '3', 0),
(335, 'A214', '2016-04-12 13:04:01', 1, '3', 0),
(336, 'A216', '2016-04-12 13:04:26', 2, '3', 0),
(337, 'A217', '2016-04-12 13:04:36', 2, '3', 0),
(338, 'A218', '2016-04-12 13:04:59', 4, '3', 0),
(339, 'ADV92', '2016-04-12 13:05:35', 357, '6', 0),
(340, 'A221', '2016-04-12 13:05:36', 13, '3', 0),
(341, 'A222', '2016-04-12 13:05:45', 7, '3', 0),
(342, 'A223', '2016-04-12 13:06:14', 8, '3', 0),
(343, 'ADV93', '2016-04-12 13:06:17', 3034, '6', 0),
(344, 'A226', '2016-04-12 13:06:25', 5, '3', 0),
(345, 'A228', '2016-04-12 13:06:46', 10, '3', 0),
(346, 'ADV95', '2016-04-12 13:06:56', 5, '6', 0),
(347, 'A233', '2016-04-12 13:07:09', 17, '3', 0),
(348, 'A236', '2016-04-12 13:07:26', 1, '3', 0),
(349, 'ADV96', '2016-04-12 13:07:35', 122, '6', 0),
(350, 'A238', '2016-04-12 13:07:54', 6, '3', 0),
(351, 'ADV97', '2016-04-12 13:09:44', 1450, '6', 0),
(352, 'ADV98', '2016-04-12 13:10:17', 1172, '6', 0),
(353, 'A244', '2016-04-12 13:12:15', 1, '3', 0),
(354, 'A245', '2016-04-12 13:12:47', 1, '3', 0),
(355, 'A246', '2016-04-12 13:13:20', 2, '3', 0),
(356, 'ADV99', '2016-04-12 13:13:54', 1559, '6', 0),
(357, 'ADV100', '2016-04-12 13:14:33', 402, '6', 0),
(358, 'A257', '2016-04-12 13:14:48', 9, '3', 0),
(359, 'ADV105', '2016-04-12 13:15:12', 2443, '6', 0),
(360, 'ADV109', '2016-04-12 13:16:36', 68, '6', 0),
(361, 'DX1', '2016-04-12 13:16:48', 5, '3', 0),
(362, 'ADV111', '2016-04-12 13:17:24', 1, '6', 0),
(363, 'A897', '2016-04-12 13:17:52', 1, '3', 0),
(364, 'ADV114', '2016-04-12 13:18:45', 1664, '6', 0),
(365, 'A308', '2016-04-12 13:18:48', 1, '3', 0),
(366, 'A273', '2016-04-12 13:19:19', 11, '3', 0),
(367, 'A274', '2016-04-12 13:19:46', 14, '3', 0),
(368, 'A276', '2016-04-12 13:20:06', 6, '3', 0),
(369, 'ADV106', '2016-04-12 13:20:11', 1447, '6', 0),
(370, 'A282', '2016-04-12 13:20:24', 25, '3', 0),
(371, 'A289', '2016-04-12 13:20:36', 2, '3', 0),
(372, 'A305', '2016-04-12 13:21:37', 7, '3', 0),
(373, 'ADV29', '2016-04-12 13:23:15', 3, '6', 0),
(374, 'A345', '2016-04-12 13:24:20', 3, '3', 0),
(375, 'ADV59', '2016-04-12 13:25:31', 2, '6', 0),
(376, 'ADV60', '2016-04-12 13:26:00', 1, '6', 0),
(377, 'ADV62', '2016-04-12 13:26:20', 92, '6', 0),
(378, 'ADV63', '2016-04-12 13:26:54', 90, '6', 0),
(379, 'ADV64', '2016-04-12 13:27:45', -81, '6', 0),
(380, 'ADV66', '2016-04-12 13:28:45', 13, '6', 0),
(381, 'A345', '2016-04-12 13:29:15', 3, '3', 0),
(382, 'ADV67', '2016-04-12 13:29:30', 52, '6', 0),
(383, 'ADV68', '2016-04-12 13:30:13', 120, '6', 0),
(384, 'A348', '2016-04-12 13:30:24', 4, '3', 0),
(385, 'ADV70', '2016-04-12 13:30:39', 8, '6', 0),
(386, 'A355', '2016-04-12 13:31:08', 22, '3', 0),
(387, 'ADV71', '2016-04-12 13:31:12', 5, '6', 0),
(388, 'A375', '2016-04-12 13:31:35', 8, '3', 0),
(389, 'ADV72', '2016-04-12 13:31:58', 4, '6', 0),
(390, 'A391', '2016-04-12 13:32:08', 22, '3', 0),
(391, 'A395', '2016-04-12 13:32:42', 5, '3', 0),
(392, 'ADV120', '2016-04-12 13:36:19', 264, '6', 0),
(393, 'ADV121', '2016-04-12 13:36:38', 1, '6', 0),
(394, 'ADV122', '2016-04-12 13:37:19', 22, '6', 0),
(395, 'ADV123', '2016-04-12 13:37:58', 4744, '6', 0),
(396, 'ADV125', '2016-04-12 13:39:23', 619, '6', 0),
(397, 'ADV127', '2016-04-12 13:40:01', 86, '6', 0),
(398, 'ADV128', '2016-04-12 13:40:25', 681, '6', 0),
(399, 'ADV129', '2016-04-12 13:41:05', 218, '6', 0),
(400, 'ADV130', '2016-04-12 13:41:25', 195, '6', 0),
(401, 'ADV131', '2016-04-12 13:41:44', 196, '6', 0),
(402, 'ADV124', '2016-04-12 13:42:13', 179, '6', 0),
(403, 'A401', '2016-04-12 13:52:14', 9, '3', 0),
(404, 'A403', '2016-04-12 13:53:47', 226, '3', 0),
(405, 'A409', '2016-04-12 13:54:52', 11, '3', 0),
(406, 'A410', '2016-04-12 13:57:31', 14, '3', 0),
(407, 'A411', '2016-04-12 13:57:50', 205, '3', 0),
(408, 'A418', '2016-04-12 13:59:25', 0, '3', 0),
(409, 'A421', '2016-04-12 13:59:41', 180, '3', 0),
(410, 'A423', '2016-04-12 14:00:02', 52, '3', 0),
(411, 'A427', '2016-04-12 14:00:19', 26, '3', 0),
(412, 'A432', '2016-04-12 14:00:55', 11, '3', 0),
(413, 'A433', '2016-04-12 14:01:05', 10, '3', 0),
(414, 'A434', '2016-04-12 14:01:14', 4, '3', 0),
(415, 'A436', '2016-04-12 14:01:29', 4, '3', 0),
(416, 'A437', '2016-04-12 14:01:47', 7, '3', 0),
(417, 'A439', '2016-04-12 14:02:05', 12, '3', 0),
(418, 'A440', '2016-04-12 14:02:14', 14, '3', 0),
(419, 'A441', '2016-04-12 14:02:25', 27, '3', 0),
(420, 'A442', '2016-04-12 14:02:39', 17, '3', 0),
(421, 'A443', '2016-04-12 14:03:01', 21, '3', 0),
(422, 'A444', '2016-04-12 14:03:19', 46, '3', 0),
(423, 'A446', '2016-04-12 14:03:33', 14, '3', 0),
(424, 'A447', '2016-04-12 14:03:49', 21, '3', 0),
(425, 'A449', '2016-04-12 14:04:06', 9, '3', 0),
(426, 'A450', '2016-04-12 14:04:16', 11, '3', 0),
(427, 'A451', '2016-04-12 14:04:28', 13, '3', 0),
(428, 'A452', '2016-04-12 14:04:34', 11, '3', 0),
(429, 'A453', '2016-04-12 14:04:53', 106, '3', 0),
(430, 'A456', '2016-04-12 14:05:04', 110, '3', 0),
(431, 'A458', '2016-04-12 14:05:23', 7, '3', 0),
(432, 'A460', '2016-04-12 14:05:36', 15, '3', 0),
(433, 'A463', '2016-04-12 14:05:49', 20, '3', 0),
(434, 'A464', '2016-04-12 14:06:12', 10, '3', 0),
(435, 'A465', '2016-04-12 14:06:23', 11, '3', 0),
(436, 'A466', '2016-04-12 14:07:26', 31, '3', 0),
(437, 'A467', '2016-04-12 14:08:52', 6, '3', 0),
(438, 'A476', '2016-04-12 14:09:16', 60, '3', 0),
(439, 'A477', '2016-04-12 14:09:35', 141, '3', 0),
(440, 'A478', '2016-04-12 14:09:58', 226, '3', 0),
(441, 'A483', '2016-04-12 14:10:49', 102, '3', 0),
(442, 'A488', '2016-04-12 14:11:17', 81, '3', 0),
(443, 'A905', '2016-04-12 14:12:12', 14, '3', 0),
(444, 'A905', '2016-04-12 14:13:24', 14, '3', 0),
(445, 'A18', '2016-04-12 14:13:40', 40, '3', 0),
(446, 'ADV01', '2016-04-12 14:14:32', 386, '3', 0),
(447, 'ADV03', '2016-04-12 14:14:56', 155, '3', 0),
(448, 'ADV05', '2016-04-12 14:15:34', 123, '3', 0),
(449, 'ADV06', '2016-04-12 14:16:02', 40, '3', 0),
(450, 'ADV08', '2016-04-12 14:16:41', 2, '3', 0),
(451, 'ADV09', '2016-04-12 14:16:55', 151, '3', 0),
(452, 'ADV10', '2016-04-12 14:17:20', 79, '3', 0),
(453, 'ADV11', '2016-04-12 14:19:44', 69, '3', 0),
(454, 'ADV12', '2016-04-12 14:20:06', 1, '3', 0),
(455, 'ADV13', '2016-04-12 14:20:27', 83, '3', 0),
(456, 'ADV15', '2016-04-12 14:22:22', 79, '3', 0),
(457, 'ADV16', '2016-04-12 14:22:46', 22, '3', 0),
(458, 'ADV19', '2016-04-12 14:25:41', 28, '3', 0),
(459, 'ADV20', '2016-04-12 14:46:31', 10, '3', 0),
(460, 'ADV21', '2016-04-12 14:46:56', 57, '3', 0),
(461, 'ADV30', '2016-04-12 14:47:13', 255, '3', 0),
(462, 'ADV31', '2016-04-12 14:47:37', 166, '3', 0),
(463, 'ADV32', '2016-04-12 14:48:12', 69, '3', 0),
(464, 'ADV35', '2016-04-12 14:48:27', 1, '3', 0),
(465, 'ADV36', '2016-04-12 14:48:39', 69, '3', 0),
(466, 'ADV37', '2016-04-12 14:48:52', 15, '3', 0),
(467, 'ADV38', '2016-04-12 14:49:09', 38, '3', 0),
(468, 'ADV39', '2016-04-12 14:49:21', 25, '3', 0),
(469, 'ADV40', '2016-04-12 14:49:34', 26, '3', 0),
(470, 'ADV41', '2016-04-12 14:49:49', 27, '3', 0),
(471, 'ADV42', '2016-04-12 14:50:00', 3, '3', 0),
(472, 'ADV46', '2016-04-12 14:50:39', 35, '3', 0),
(473, 'ADV47', '2016-04-12 14:51:04', 9, '3', 0),
(474, 'ADV48', '2016-04-12 14:51:13', 13, '3', 0),
(475, 'ADV51', '2016-04-12 14:51:38', 7, '3', 0),
(476, 'ADV52', '2016-04-12 14:51:53', 10, '3', 0),
(477, 'ADV62', '2016-04-12 14:52:27', 10, '3', 0),
(478, 'ADV63', '2016-04-12 14:52:36', 51, '3', 0),
(479, 'ADV64', '2016-04-12 14:52:44', 44, '3', 0),
(480, 'ADV65', '2016-04-12 14:52:56', 26, '3', 0),
(481, 'ADV66', '2016-04-12 14:53:14', 33, '3', 0),
(482, 'ADV68', '2016-04-12 14:54:17', 3, '3', 0),
(483, 'ADV70', '2016-04-12 14:55:07', 8, '3', 0),
(484, 'ADV74', '2016-04-12 14:55:30', 7, '3', 0),
(485, 'ADV45', '2016-04-12 14:55:54', 5, '3', 0),
(487, 'ADV82', '2016-04-12 14:56:56', 11, '3', 0),
(488, 'ADV83', '2016-04-12 14:57:08', 21, '3', 0),
(489, 'ADV84', '2016-04-12 14:57:24', 17, '3', 0),
(490, 'ADV86', '2016-04-12 14:57:34', 2, '3', 0),
(491, 'ADV87', '2016-04-12 14:58:15', 3, '3', 0),
(492, 'ADV88', '2016-04-12 14:58:24', 13, '3', 0),
(493, 'ADV89', '2016-04-12 14:59:08', 61, '3', 0),
(494, 'ADV90', '2016-04-12 14:59:17', 7, '3', 0),
(495, 'ADV92', '2016-04-12 14:59:57', 352, '3', 0),
(496, 'ADV93', '2016-04-12 15:00:17', 604, '3', 0),
(497, 'ADV94', '2016-04-12 15:00:46', 68, '3', 0),
(498, 'ADV96', '2016-04-12 15:00:59', 70, '3', 0),
(499, 'ADV97', '2016-04-12 15:01:19', 213, '3', 0),
(500, 'ADV98', '2016-04-12 15:01:28', 321, '3', 0),
(501, 'ADV99', '2016-04-12 15:01:54', 481, '3', 0),
(502, 'ADV100', '2016-04-12 15:02:36', 151, '3', 0),
(503, 'ADV102', '2016-04-12 15:03:12', 22, '3', 0),
(504, 'ADV104', '2016-04-12 15:03:44', 208, '3', 0),
(505, 'ADV105', '2016-04-12 15:03:58', 738, '3', 0),
(506, 'ADV107', '2016-04-12 15:04:19', 36, '3', 0),
(507, 'ADV108', '2016-04-12 15:04:54', 26, '3', 0),
(508, 'ADV109', '2016-04-12 15:05:07', 90, '3', 0),
(509, 'ADV111', '2016-04-12 15:05:24', 44, '3', 0),
(510, 'ADV114', '2016-04-12 15:05:37', 629, '3', 0),
(511, 'ADV115', '2016-04-12 15:05:59', 55, '3', 0),
(512, 'ADV116', '2016-04-12 15:06:21', 38, '3', 0),
(513, 'ADV118', '2016-04-12 15:07:16', 121, '3', 0),
(514, 'A490', '2016-04-12 15:08:10', 0, '3', 0),
(515, 'ADV119', '2016-04-12 15:09:02', 476, '3', 0),
(516, 'ADV119', '2016-04-12 15:09:12', 476, '3', 0),
(517, 'ADV121', '2016-04-12 15:09:47', 39, '3', 0),
(518, 'ADV122', '2016-04-12 15:10:06', 241, '3', 0),
(519, 'ADV123', '2016-04-12 15:10:29', 449, '3', 0),
(520, 'ADV127', '2016-04-12 15:11:55', 68, '3', 0),
(521, 'ADV128', '2016-04-12 15:13:02', 51, '3', 0),
(522, 'ADV129', '2016-04-12 15:13:27', 79, '3', 0),
(523, 'ADV130', '2016-04-12 15:13:43', 38, '3', 0),
(524, 'A17', '2016-04-12 15:19:31', 252, '6', 0),
(525, 'A17', '2016-04-12 15:19:31', 252, '6', 0),
(526, 'A18', '2016-04-12 15:19:49', 228, '6', 0),
(527, 'A18', '2016-04-12 15:19:49', 228, '6', 0),
(528, 'ADV106', '2016-04-12 15:20:28', 99, '3', 0),
(529, 'ADV13', '2016-04-12 15:50:45', 0, '6', 0),
(530, 'ADV31', '2016-04-12 15:50:45', -132, '6', 0),
(531, 'ADV33', '2016-04-12 15:50:46', 20, '3', 0),
(532, 'ADV43', '2016-04-12 15:50:46', 19, '3', 0),
(533, 'ADV67', '2016-04-12 15:50:47', 20, '3', 0),
(534, 'ADV71', '2016-04-12 15:50:47', 37, '3', 0),
(535, 'ADV76', '2016-04-12 15:50:47', 20, '6', 0),
(536, 'ADV76', '2016-04-12 15:50:47', 5, '3', 0),
(537, 'ADV89', '2016-04-12 15:50:47', 900, '6', 0),
(538, 'ADV103', '2016-04-12 15:50:47', -31, '6', 0),
(539, 'ADV103', '2016-04-12 15:50:47', 31, '3', 0),
(540, 'ADV104', '2016-04-12 15:50:47', -500, '6', 0),
(541, 'ADV110', '2016-04-12 15:50:48', -7, '6', 0),
(542, 'ADV110', '2016-04-12 15:50:48', 0, '3', 0),
(543, 'ADV120', '2016-04-12 15:50:48', 200, '3', 0),
(544, 'ADV125', '2016-04-12 15:50:48', 45, '3', 0),
(545, 'A430', '2016-04-12 16:46:30', 49, '3', 0),
(546, 'A448', '2016-04-12 17:57:45', 5, '4', 0),
(547, 'A447', '2016-04-12 17:57:56', 15, '4', 0),
(548, 'A436', '2016-04-12 17:58:13', 10, '4', 0),
(549, 'A432', '2016-04-12 17:58:23', 10, '4', 0),
(550, 'A446', '2016-04-12 17:58:35', 8, '4', 0),
(551, 'A440', '2016-04-12 17:58:49', 5, '4', 0),
(552, 'A449', '2016-04-12 17:59:12', 5, '4', 0),
(553, 'A442', '2016-04-12 17:59:24', 5, '4', 0),
(554, 'ADV128', '2016-04-12 18:13:47', 95, '4', 0),
(555, 'ADV131', '2016-04-12 18:14:05', 98, '4', 0),
(556, 'ADV127', '2016-04-12 18:14:27', 97, '4', 0),
(557, 'A441', '2016-04-12 18:14:59', 10, '4', 0),
(558, 'A438', '2016-04-12 18:15:22', 10, '4', 0),
(559, 'A437', '2016-04-12 18:15:35', 6, '4', 0),
(560, 'A431', '2016-04-12 18:15:45', 1, '4', 0),
(561, 'A429', '2016-04-12 18:16:03', 1, '4', 0),
(562, 'A435', '2016-04-12 18:16:24', 3, '4', 0),
(563, 'A430', '2016-04-12 18:16:37', 4, '4', 0),
(564, 'A81', '2016-04-12 18:17:10', 5, '4', 0),
(565, 'A403', '2016-04-12 18:18:08', 45, '4', 0),
(566, 'A221', '2016-04-12 18:18:46', 2, '4', 0),
(567, 'A30', '2016-04-12 18:20:14', 1, '4', 0),
(568, 'A26', '2016-04-12 18:20:27', 48, '4', 0),
(569, 'A27', '2016-04-12 18:20:39', 109, '4', 0),
(570, 'A28', '2016-04-12 18:20:52', 18, '4', 0),
(571, 'A07', '2016-04-12 18:37:33', 33, '4', 0),
(572, 'A09', '2016-04-12 18:38:22', 0, '4', 0),
(573, 'A01', '2016-04-13 14:34:08', 86, '2', 0),
(574, 'A02', '2016-04-13 14:35:07', 129, '2', 0),
(575, 'A03', '2016-04-13 14:35:35', 49, '2', 0),
(576, 'A01', '2016-04-13 14:36:42', 280, '1', 0),
(577, 'A05', '2016-04-13 14:36:55', 63, '2', 0),
(578, 'A06', '2016-04-13 14:37:19', 0, '2', 0),
(579, 'A02', '2016-04-13 14:37:44', 292, '1', 0),
(580, 'A07', '2016-04-13 14:37:58', 106, '2', 0),
(581, 'A03', '2016-04-13 14:38:03', 213, '1', 0),
(582, 'A06', '2016-04-13 14:38:31', 140, '1', 0),
(583, 'A09', '2016-04-13 14:38:47', 134, '2', 0),
(584, 'A07', '2016-04-13 14:38:50', 70, '1', 0),
(585, 'A10', '2016-04-13 14:39:16', 77, '2', 0),
(587, 'A09', '2016-04-13 14:39:34', 53, '1', 0),
(588, 'A10', '2016-04-13 14:39:53', 116, '1', 0),
(589, 'A12', '2016-04-13 14:40:16', 40, '2', 0),
(590, 'A12', '2016-04-13 14:40:32', 411, '1', 0),
(591, 'A13', '2016-04-13 14:40:41', 41, '2', 0),
(592, 'A14', '2016-04-13 14:41:04', 92, '2', 0),
(593, 'A13', '2016-04-13 14:41:05', 199, '1', 0),
(594, 'A14', '2016-04-13 14:41:16', 298, '1', 0),
(595, 'A15', '2016-04-13 14:41:34', 3, '2', 0),
(596, 'A16', '2016-04-13 14:42:00', 32, '1', 0),
(597, 'A16', '2016-04-13 14:42:17', 20, '2', 0),
(598, 'A19', '2016-04-13 14:42:32', 43, '1', 0),
(599, 'A20', '2016-04-13 14:42:54', 51, '1', 0),
(600, 'A21', '2016-04-13 14:43:10', 13, '1', 0),
(601, 'A26', '2016-04-13 14:43:31', 440, '1', 0),
(602, 'A27', '2016-04-13 14:43:45', 30, '1', 0),
(603, 'A19', '2016-04-13 14:43:58', 36, '2', 0),
(604, 'A28', '2016-04-13 14:44:24', 62, '1', 0),
(605, 'A29', '2016-04-13 14:44:57', 71, '1', 0),
(606, 'A23', '2016-04-13 14:45:17', 477, '2', 0),
(607, 'A30', '2016-04-13 14:45:33', 721, '1', 0),
(608, 'A32', '2016-04-13 14:48:06', 60, '1', 0),
(609, 'A33', '2016-04-13 14:48:15', 59, '1', 0),
(610, 'A36', '2016-04-13 14:48:27', 10, '1', 0),
(611, 'A37', '2016-04-13 14:48:41', 23, '1', 0),
(612, 'A38', '2016-04-13 14:48:57', 10, '1', 0),
(613, 'A40', '2016-04-13 14:49:48', 10, '1', 0),
(614, 'A43', '2016-04-13 14:50:07', 13, '1', 0),
(615, 'A20', '2016-04-13 14:52:32', 106, '2', 0),
(616, 'A25', '2016-04-13 14:53:11', 15, '2', 0),
(617, 'A26', '2016-04-13 14:53:37', 647, '2', 0),
(618, 'A27', '2016-04-13 14:54:07', 50, '2', 0),
(619, 'A28', '2016-04-13 14:54:52', 130, '2', 0),
(620, 'A29', '2016-04-13 14:55:25', 115, '2', 0),
(621, 'A30', '2016-04-13 14:55:56', 59, '2', 0),
(622, 'A67', '2016-04-13 15:00:36', 20, '1', 0),
(623, 'A63', '2016-04-13 15:01:37', 5, '1', 0),
(624, 'A64', '2016-04-13 15:03:13', 5, '1', 0),
(625, 'A73', '2016-04-13 15:06:14', 5, '1', 0),
(626, 'A74', '2016-04-13 15:06:56', 26, '1', 0),
(627, 'A75', '2016-04-13 15:07:14', 30, '1', 0),
(628, 'A76', '2016-04-13 15:07:33', 2, '1', 0),
(629, 'A78', '2016-04-13 15:08:18', 8, '1', 0),
(630, 'A79', '2016-04-13 15:08:57', 3, '1', 0),
(631, 'A80', '2016-04-13 15:09:08', 3, '1', 0),
(632, 'A81', '2016-04-13 15:09:16', 10, '1', 0),
(633, 'A87', '2016-04-13 15:09:36', 15, '1', 0),
(634, 'A90', '2016-04-13 15:09:56', 4, '1', 0),
(635, 'A94', '2016-04-13 15:10:12', 1, '1', 0),
(636, 'A95', '2016-04-13 15:10:50', 4, '1', 0),
(637, 'A96', '2016-04-13 15:11:18', 2, '1', 0),
(638, 'A98', '2016-04-13 15:14:19', 2, '1', 0),
(639, 'A100', '2016-04-13 15:14:41', 5, '1', 0),
(640, 'A103', '2016-04-13 15:15:09', 7, '1', 0),
(641, 'A154', '2016-04-13 15:17:54', 31, '1', 0),
(642, 'A156', '2016-04-13 15:18:14', 9, '1', 0),
(643, 'A157', '2016-04-13 15:18:24', 1, '1', 0),
(644, 'A192', '2016-04-13 15:18:45', 1, '1', 0),
(645, 'A220', '2016-04-13 15:19:08', 17, '1', 0),
(646, 'A221', '2016-04-13 15:19:16', 5, '1', 0),
(647, 'A225', '2016-04-13 15:19:28', 28, '1', 0),
(648, 'A226', '2016-04-13 15:19:41', 97, '1', 0),
(649, 'A227', '2016-04-13 15:19:56', 1, '1', 0),
(650, 'A228', '2016-04-13 15:20:12', 11, '1', 0),
(651, 'A230', '2016-04-13 15:20:23', 113, '1', 0),
(652, 'A233', '2016-04-13 15:20:32', 16, '1', 0),
(653, 'A234', '2016-04-13 15:20:46', 9, '1', 0),
(654, 'A235', '2016-04-13 15:20:55', 10, '1', 0),
(655, 'A236', '2016-04-13 15:21:04', 9, '1', 0),
(656, 'A237', '2016-04-13 15:21:14', 13, '1', 0),
(657, 'A239', '2016-04-13 15:21:24', 7, '1', 0),
(658, 'A240', '2016-04-13 15:21:35', 4, '1', 0),
(659, 'A245', '2016-04-13 15:22:29', 1, '1', 0),
(660, 'A257', '2016-04-13 15:22:44', 16, '1', 0),
(661, 'A259', '2016-04-13 15:23:01', 28, '1', 0),
(662, 'A261', '2016-04-13 15:23:38', 16, '1', 0),
(663, 'A273', '2016-04-13 15:23:54', 2, '1', 0),
(664, 'A276', '2016-04-13 15:24:07', 3, '1', 0),
(665, 'A277', '2016-04-13 15:24:19', 2, '1', 0),
(666, 'A32', '2016-04-13 15:35:03', 56, '2', 0),
(667, 'A33', '2016-04-13 15:35:33', 87, '2', 0),
(668, 'A35', '2016-04-13 15:36:21', 10, '2', 0),
(669, 'A42', '2016-04-13 15:36:39', 3, '2', 0),
(670, 'A37', '2016-04-13 15:38:06', 6, '2', 0),
(671, 'A39', '2016-04-13 15:38:39', 2, '2', 0),
(672, 'A40', '2016-04-13 15:39:09', 7, '2', 0),
(673, 'A41', '2016-04-13 15:39:30', 8, '2', 0),
(674, 'A43', '2016-04-13 15:40:49', 6, '2', 0),
(675, 'A46', '2016-04-13 15:41:34', 15, '2', 0),
(676, 'A48', '2016-04-13 15:41:58', 14, '2', 0),
(677, 'A49', '2016-04-13 15:42:18', 12, '2', 0),
(678, 'A51', '2016-04-13 15:43:07', 17, '2', 0),
(679, 'A55', '2016-04-13 15:43:27', 1, '2', 0),
(680, 'A56', '2016-04-13 15:44:00', 11, '2', 0),
(681, 'A278', '2016-04-13 15:44:43', 8, '1', 0),
(682, 'A63', '2016-04-13 15:46:30', 7, '2', 0),
(683, 'A64', '2016-04-13 15:47:19', 1, '2', 0),
(684, 'A3000', '2016-04-13 15:47:35', 0, '6', 0),
(685, 'A65', '2016-04-13 15:48:10', 1, '2', 0),
(686, 'A67', '2016-04-13 15:49:55', 16, '2', 0),
(687, 'A68', '2016-04-13 15:50:24', 31, '2', 0),
(688, 'A69', '2016-04-13 15:50:51', 32, '2', 0),
(689, 'A74', '2016-04-13 15:51:33', 57, '2', 0),
(690, 'A73', '2016-04-13 15:51:58', 5, '2', 0),
(691, 'A75', '2016-04-13 15:52:31', 37, '2', 0),
(692, 'A279', '2016-04-13 15:52:46', 0, '6', 0),
(693, 'A278', '2016-04-13 15:53:22', 0, '6', 0),
(694, 'A76', '2016-04-13 15:53:39', 41, '2', 0),
(695, 'A277', '2016-04-13 15:53:48', 0, '6', 0),
(696, 'A276', '2016-04-13 15:54:05', 0, '6', 0),
(697, 'A79', '2016-04-13 15:54:12', 6, '2', 0),
(698, 'A273', '2016-04-13 15:54:20', 0, '6', 0),
(699, 'A80', '2016-04-13 15:54:36', 15, '2', 0),
(700, 'A81', '2016-04-13 15:55:03', 13, '2', 0),
(701, 'A3000', '2016-04-13 15:56:13', 170, '2', 0),
(702, 'A279', '2016-04-13 15:56:48', 4, '1', 0),
(703, 'A89', '2016-04-13 15:56:54', 3, '2', 0),
(704, 'A96', '2016-04-13 15:57:33', 9, '2', 0),
(705, 'A346', '2016-04-13 15:57:51', 294, '1', 0),
(706, 'A97', '2016-04-13 15:57:57', 9, '2', 0),
(707, 'A348', '2016-04-13 15:58:07', 8, '1', 0),
(708, 'A367', '2016-04-13 15:58:24', 6, '1', 0),
(709, 'A99', '2016-04-13 15:58:25', 8, '2', 0),
(710, 'A391', '2016-04-13 15:58:42', 1, '1', 0),
(711, 'A101', '2016-04-13 15:59:06', 10, '2', 0),
(712, 'A403', '2016-04-13 16:03:52', 622, '1', 0),
(713, 'A407', '2016-04-13 16:04:54', 14, '1', 0),
(714, 'A410', '2016-04-13 16:05:15', 113, '1', 0),
(715, 'A411', '2016-04-13 16:06:47', 309, '1', 0),
(716, 'A415', '2016-04-13 16:07:09', 305, '1', 0),
(717, 'A421', '2016-04-13 16:08:04', 224, '1', 0),
(718, 'A423', '2016-04-13 16:08:31', 225, '1', 0),
(719, 'A426', '2016-04-13 16:11:09', 71, '1', 0),
(720, 'A428', '2016-04-13 16:23:27', 1, '1', 0),
(721, 'A429', '2016-04-13 16:37:19', 370, '1', 0),
(722, 'A430', '2016-04-13 16:37:32', 546, '1', 0),
(723, 'A431', '2016-04-13 16:37:43', 32, '1', 0),
(724, 'ADV01', '2016-04-13 16:38:09', 584, '2', 0),
(725, 'A432', '2016-04-13 16:38:27', 39, '1', 0),
(726, 'A433', '2016-04-13 16:38:38', 5, '1', 0),
(727, 'A435', '2016-04-13 16:38:51', 21, '1', 0),
(728, 'A436', '2016-04-13 16:39:01', 71, '1', 0),
(729, 'A437', '2016-04-13 16:39:21', 37, '1', 0),
(730, 'A438', '2016-04-13 16:39:43', 20, '1', 0),
(731, 'ADV03', '2016-04-13 16:40:33', 183, '2', 0),
(732, 'ADV05', '2016-04-13 16:41:03', 148, '2', 0),
(733, 'ADV06', '2016-04-13 16:42:39', 15, '2', 0),
(734, 'A439', '2016-04-13 16:44:52', 22, '1', 0),
(735, 'ADV07', '2016-04-13 16:44:58', 55, '2', 0),
(736, 'A440', '2016-04-13 16:45:31', 22, '1', 0),
(737, 'A441', '2016-04-13 16:45:41', 30, '1', 0),
(738, 'A442', '2016-04-13 16:45:49', 19, '1', 0),
(739, 'A444', '2016-04-13 16:45:57', 5, '1', 0),
(740, 'A446', '2016-04-13 16:46:07', 29, '1', 0),
(741, 'A447', '2016-04-13 16:46:19', 31, '1', 0),
(742, 'A448', '2016-04-13 16:46:28', 19, '1', 0),
(743, 'ADV08', '2016-04-13 16:46:30', 53, '2', 0),
(744, 'A449', '2016-04-13 16:46:39', 36, '1', 0),
(745, 'ADV09', '2016-04-13 16:46:53', 63, '2', 0),
(746, 'ADV10', '2016-04-13 16:48:32', 141, '2', 0),
(747, 'A453', '2016-04-13 16:52:21', 160, '1', 0),
(748, 'A456', '2016-04-13 16:52:38', 205, '1', 0),
(749, 'ADV11', '2016-04-13 16:52:45', 29, '2', 0),
(750, 'A457', '2016-04-13 16:52:49', 23, '1', 0),
(751, 'A458', '2016-04-13 16:53:02', 35, '1', 0),
(752, 'A459', '2016-04-13 16:53:31', 37, '1', 0),
(753, 'A460', '2016-04-13 16:53:43', 13, '1', 0),
(754, 'A461', '2016-04-13 16:53:50', 11, '1', 0),
(755, 'A462', '2016-04-13 16:53:59', 4, '1', 0),
(756, 'A463', '2016-04-13 16:54:09', 43, '1', 0),
(757, 'A464', '2016-04-13 16:54:25', 17, '1', 0),
(758, 'A466', '2016-04-13 16:54:35', 22, '1', 0),
(759, 'A467', '2016-04-13 16:54:45', 13, '1', 0),
(760, 'ADV14', '2016-04-13 16:54:51', 2, '2', 0),
(761, 'A469', '2016-04-13 16:54:52', 4, '1', 0),
(762, 'A477', '2016-04-13 16:55:09', 223, '1', 0),
(763, 'A478', '2016-04-13 16:55:17', 222, '1', 0),
(764, 'A480', '2016-04-13 16:55:44', 102, '1', 0),
(765, 'A481', '2016-04-13 16:55:58', 1, '1', 0),
(766, 'A488', '2016-04-13 16:58:05', 274, '1', 0),
(767, 'A309', '2016-04-13 17:09:34', 0, '6', 0),
(768, 'PB88', '2016-04-13 17:10:57', 0, '6', 0),
(769, 'PB88', '2016-04-13 17:11:52', 30, '2', 0),
(770, 'A330.', '2016-04-13 17:12:10', 0, '6', 0),
(771, 'ADV20', '2016-04-13 17:12:18', 7, '2', 0),
(772, 'ADV15', '2016-04-13 17:12:55', 131, '2', 0),
(773, 'A309', '2016-04-13 17:16:03', 3, '1', 0),
(774, 'A330.', '2016-04-13 17:16:11', 11, '1', 0),
(775, 'A500', '2016-04-13 17:17:32', 0, '6', 0),
(776, 'A600', '2016-04-13 17:18:07', 0, '6', 0),
(777, 'ADV19', '2016-04-13 17:18:12', 52, '2', 0),
(778, 'A700', '2016-04-13 17:18:41', 0, '6', 0),
(779, 'ADV21', '2016-04-13 17:19:00', 59, '2', 0),
(780, 'ADV30', '2016-04-13 17:19:16', 635, '2', 0),
(781, 'ADV31', '2016-04-13 17:19:51', 230, '2', 0),
(782, 'ADV32', '2016-04-13 17:20:12', 12, '2', 0),
(783, 'A710', '2016-04-13 17:20:22', 150, '6', 0),
(784, 'ADV33', '2016-04-13 17:20:30', 99, '2', 0),
(785, 'A720', '2016-04-13 17:20:45', 0, '6', 0),
(786, 'ADV35', '2016-04-13 17:20:48', 13, '2', 0),
(787, 'ADV36', '2016-04-13 17:21:12', 28, '2', 0),
(788, 'ADV37', '2016-04-13 17:21:43', 8, '2', 0),
(789, 'ADV38', '2016-04-13 17:22:07', 12, '2', 0),
(790, 'ADV40', '2016-04-13 17:22:28', 23, '2', 0),
(791, 'ADV41', '2016-04-13 17:22:54', 4, '2', 0),
(792, 'ADV42', '2016-04-13 17:23:15', 2, '2', 0),
(793, 'A730', '2016-04-13 17:23:38', 0, '6', 0),
(794, 'ADV43', '2016-04-13 17:23:42', 19, '2', 0),
(795, 'ADV44', '2016-04-13 17:24:00', 1, '2', 0),
(796, 'A500', '2016-04-13 17:24:21', 1019, '1', 0),
(797, 'A600', '2016-04-13 17:24:38', 73, '1', 0),
(798, 'A3000', '2016-04-13 17:24:48', 559, '1', 0),
(799, 'ADV45', '2016-04-13 17:24:51', 7, '2', 0),
(800, 'A700', '2016-04-13 17:25:03', 1019, '1', 0),
(801, 'ADV46', '2016-04-13 17:25:36', 12, '2', 0),
(802, 'A730', '2016-04-13 17:25:37', 47, '1', 0),
(803, 'ADV47', '2016-04-13 17:26:33', 13, '2', 0),
(804, 'ADV48', '2016-04-13 17:26:46', 9, '2', 0),
(805, 'ADV49', '2016-04-13 17:27:09', 1, '2', 0),
(806, 'ADV51', '2016-04-13 17:27:24', 6, '2', 0),
(807, 'A0003', '2016-04-13 17:29:15', 4, '2', 0),
(808, 'A0001', '2016-04-13 17:30:20', 7, '2', 0),
(809, 'ADV08', '2016-04-13 17:33:12', 4, '6', 0),
(810, 'ADV29', '2016-04-13 17:33:57', 3, '6', 0),
(811, 'ADV56', '2016-04-13 17:41:01', 6, '2', 0),
(812, 'A0002', '2016-04-13 17:41:50', 5, '2', 0),
(813, 'ADV59', '2016-04-13 17:42:18', 2, '2', 0),
(814, 'ADV60', '2016-04-13 17:42:41', 1, '2', 0),
(815, 'ADV62', '2016-04-13 17:43:01', 67, '2', 0),
(816, 'ADV64', '2016-04-13 17:47:09', 113, '2', 0),
(817, 'ADV65', '2016-04-13 17:47:29', 16, '2', 0),
(818, 'ADV66', '2016-04-13 17:47:49', 4, '2', 0),
(819, 'ADV67', '2016-04-13 17:48:06', 27, '2', 0),
(820, 'ADV69', '2016-04-13 17:48:21', 6, '2', 0),
(821, 'ADV70', '2016-04-13 17:48:36', 10, '2', 0),
(822, 'ADV71', '2016-04-13 17:49:03', 21, '2', 0),
(824, 'ADV74', '2016-04-13 17:49:51', 8, '2', 0),
(825, 'ADV75', '2016-04-13 17:50:05', 10, '2', 0),
(826, 'ADV76', '2016-04-13 17:51:18', 6, '2', 0),
(828, 'ADV79', '2016-04-13 17:52:09', 13, '2', 0),
(829, 'ADV80', '2016-04-13 17:52:28', 1, '2', 0),
(830, 'ADV82', '2016-04-13 17:52:55', 23, '2', 0),
(831, 'ADV83', '2016-04-13 17:53:15', 30, '2', 0),
(832, 'ADV84', '2016-04-13 17:53:24', 49, '2', 0),
(833, 'ADV85', '2016-04-13 17:53:51', 70, '2', 0),
(834, 'ADV88', '2016-04-13 17:54:57', 51, '2', 0),
(835, 'A730', '2016-04-13 18:00:11', 0, '6', 0),
(836, 'A7020', '2016-04-13 18:00:57', 0, '6', 0),
(837, 'ADV90', '2016-04-13 18:05:14', 101, '2', 0),
(838, 'ADV89', '2016-04-13 18:06:16', 59, '2', 0),
(839, 'ADV91', '2016-04-13 18:06:36', 1, '2', 0),
(840, 'ADV92', '2016-04-13 18:07:08', 729, '2', 0),
(841, 'ADV93', '2016-04-13 18:07:40', 658, '2', 0),
(842, 'ADV94', '2016-04-13 18:08:10', 98, '2', 0),
(843, 'ADV95', '2016-04-13 18:08:27', 42, '2', 0),
(844, 'ADV96', '2016-04-13 18:29:05', 117, '2', 0),
(845, 'ADV102', '2016-04-13 18:31:04', 207, '2', 0),
(846, 'ADV98', '2016-04-13 18:31:43', 1754, '2', 0),
(847, 'ADV99', '2016-04-13 18:32:46', 428, '2', 0),
(848, 'ADV100', '2016-04-13 18:33:13', 250, '2', 0),
(849, 'ADV103', '2016-04-13 18:34:52', 102, '2', 0),
(850, 'ADV105', '2016-04-13 18:35:45', 237, '2', 0),
(851, 'ADV107', '2016-04-13 18:36:16', 2, '2', 0),
(852, 'U1', '2016-04-14 09:15:36', 50, '6', 0),
(853, 'U2', '2016-04-14 09:16:19', 0, '6', 0),
(854, 'U3', '2016-04-14 09:16:43', 0, '6', 0),
(855, 'U4', '2016-04-14 09:17:14', 20, '6', 0),
(856, 'U5', '2016-04-14 09:18:34', 150, '6', 0),
(857, 'U6', '2016-04-14 09:19:24', 170, '6', 0),
(858, 'U7', '2016-04-14 09:19:52', 180, '6', 0),
(860, 'U9', '2016-04-14 09:23:10', -10, '6', 0),
(861, 'U10', '2016-04-14 09:23:39', 60, '6', 0),
(862, 'U11', '2016-04-14 09:25:00', 170, '6', 0),
(864, 'b 206', '2016-04-14 09:27:16', 900, '6', 0),
(865, 'U13', '2016-04-14 09:27:25', 0, '6', 0),
(866, 'U14', '2016-04-14 09:27:52', 100, '6', 0),
(867, 'U15', '2016-04-14 09:28:16', 80, '6', 0),
(868, 'U16', '2016-04-14 09:28:45', -20, '6', 0),
(869, 'U17', '2016-04-14 09:29:38', 30, '6', 0),
(871, 'U19', '2016-04-14 09:30:12', 130, '6', 0),
(872, 'U20', '2016-04-14 09:31:01', 100, '6', 0),
(873, 'U21', '2016-04-14 09:31:16', 30, '6', 0),
(874, 'U22', '2016-04-14 09:31:36', -60, '6', 0),
(875, 'U23', '2016-04-14 09:34:55', 50, '6', 0),
(876, 'U24', '2016-04-14 09:35:14', 41, '6', 0),
(877, 'U25', '2016-04-14 09:35:37', 50, '6', 0),
(878, 'U26', '2016-04-14 09:35:55', 50, '6', 0),
(879, 'U27', '2016-04-14 09:36:08', 150, '6', 0),
(880, 'U28', '2016-04-14 09:36:44', 50, '6', 0),
(881, 'U29', '2016-04-14 09:37:04', 140, '6', 0),
(882, 'U30', '2016-04-14 09:38:19', 130, '6', 0),
(883, 'U31', '2016-04-14 09:38:35', 150, '6', 0),
(884, 'ADV131', '2016-04-14 09:38:48', 95, '2', 0),
(885, 'ADV130', '2016-04-14 09:39:10', 123, '2', 0),
(886, 'ADV129', '2016-04-14 09:39:24', 130, '2', 0),
(887, 'ADV128', '2016-04-14 09:39:36', 89, '2', 0),
(888, 'A171', '2016-04-14 09:39:55', 7, '2', 0),
(889, 'ADV125', '2016-04-14 09:40:22', 46, '2', 0),
(890, 'ADV123', '2016-04-14 09:40:40', 173, '2', 0),
(891, 'ADV124', '2016-04-14 09:41:06', 48, '2', 0),
(892, 'ADV122', '2016-04-14 09:41:30', 79, '2', 0),
(893, 'ADV121', '2016-04-14 09:41:40', 445, '2', 0),
(894, 'ADV120', '2016-04-14 09:41:49', 420, '2', 0),
(895, 'ADV119', '2016-04-14 09:42:10', 672, '2', 0),
(896, 'ADV118', '2016-04-14 09:42:24', 471, '2', 0),
(897, 'ADV117', '2016-04-14 09:42:49', 311, '2', 0),
(898, 'ADV116', '2016-04-14 09:43:04', 15, '2', 0),
(899, 'ADV115', '2016-04-14 09:43:22', 20, '2', 0),
(900, 'ADV114', '2016-04-14 09:43:41', 303, '2', 0),
(901, 'ADV111', '2016-04-14 09:44:00', 99, '2', 0),
(902, 'ADV110', '2016-04-14 09:45:03', 30, '2', 0),
(903, 'ADV109', '2016-04-14 09:45:22', 96, '2', 0),
(904, 'ADV108', '2016-04-14 09:45:44', 15, '2', 0),
(905, 'ADV104', '2016-04-14 09:46:28', 355, '2', 0),
(906, 'ADV97', '2016-04-14 09:48:04', 447, '2', 0),
(907, 'ADV86', '2016-04-14 09:52:12', 61, '2', 0),
(908, 'ADV 4678', '2016-04-14 09:53:16', 51, '2', 0),
(909, 'ADV72', '2016-04-14 09:57:47', 2, '2', 0),
(910, 'ADV63', '2016-04-14 09:59:39', 1, '2', 0),
(911, 'ADV54', '2016-04-14 10:02:10', 1, '2', 0),
(912, 'ADV52', '2016-04-14 10:02:25', 5, '2', 0),
(913, 'ADV42', '2016-04-14 10:04:50', 2, '2', 0),
(914, 'U14', '2016-04-14 10:05:58', 100, '6', 0),
(915, 'U24', '2016-04-14 10:06:16', 41, '6', 0),
(916, 'ADV94', '2016-04-14 10:07:32', -200, '6', 0),
(917, 'ADV94', '2016-04-14 10:07:32', 204, '1', 0),
(918, 'A476', '2016-04-14 10:07:32', 140, '1', 0),
(919, 'A477', '2016-04-14 10:07:33', 190, '6', 0),
(920, 'U1', '2016-04-14 10:07:33', 20, '1', 0),
(921, 'U5', '2016-04-14 10:07:34', 20, '1', 0),
(922, 'U26', '2016-04-14 10:07:34', 20, '1', 0),
(923, 'U10', '2016-04-14 10:07:34', 20, '1', 0),
(924, 'U13', '2016-04-14 10:07:34', 20, '1', 0),
(925, 'U31', '2016-04-14 10:07:34', 20, '1', 0),
(926, 'U27', '2016-04-14 10:07:34', 20, '1', 0),
(927, 'U23', '2016-04-14 10:07:34', 20, '1', 0),
(928, 'U25', '2016-04-14 10:07:35', 20, '1', 0),
(929, 'U28', '2016-04-14 10:07:35', 20, '1', 0),
(930, 'U21', '2016-04-14 10:07:35', 20, '1', 0),
(931, 'U19', '2016-04-14 10:07:35', 20, '1', 0),
(932, 'U9', '2016-04-14 10:07:35', 20, '1', 0),
(933, 'U30', '2016-04-14 10:07:35', 20, '1', 0),
(934, 'U7', '2016-04-14 10:07:36', 20, '1', 0),
(935, 'U16', '2016-04-14 10:07:36', 20, '1', 0),
(936, 'U17', '2016-04-14 10:07:36', 20, '1', 0),
(937, 'U15', '2016-04-14 10:07:36', 20, '1', 0),
(938, 'U4', '2016-04-14 10:07:36', 30, '1', 0),
(939, 'U29', '2016-04-14 10:07:36', 20, '1', 0),
(940, 'U14', '2016-04-14 10:11:57', 20, '1', 0),
(941, 'U24', '2016-04-14 10:11:57', 20, '1', 0),
(942, 'A330.', '2016-04-14 10:13:24', 35, '2', 0),
(943, 'A488', '2016-04-14 10:13:45', 290, '2', 0),
(944, 'A487', '2016-04-14 10:14:55', 4, '2', 0),
(945, 'A486', '2016-04-14 10:16:43', 7, '2', 0),
(946, 'ADV01', '2016-04-14 10:18:34', 160, '4', 0),
(947, 'A483', '2016-04-14 10:19:13', 68, '2', 0),
(948, 'A484', '2016-04-14 10:19:27', 20, '2', 0),
(949, 'A479', '2016-04-14 10:20:02', 45, '2', 0),
(950, 'ADV03', '2016-04-14 10:20:13', 85, '4', 0),
(951, 'A478', '2016-04-14 10:20:20', 465, '2', 0),
(952, 'ADV09', '2016-04-14 10:20:40', 101, '4', 0),
(953, 'A477', '2016-04-14 10:20:40', 317, '2', 0),
(954, 'A476', '2016-04-14 10:20:57', 230, '2', 0),
(955, 'A471', '2016-04-14 10:21:37', 4, '2', 0),
(956, 'A470', '2016-04-14 10:21:52', 53, '2', 0),
(957, 'A449', '2016-04-14 10:22:09', 39, '2', 0),
(958, 'A448', '2016-04-14 10:22:25', 10, '2', 0),
(959, 'A467', '2016-04-14 10:23:03', 2, '2', 0),
(960, 'A466', '2016-04-14 10:23:19', 1, '2', 0),
(961, 'A464', '2016-04-14 10:23:34', 2, '2', 0),
(962, 'A457', '2016-04-14 10:24:03', 15, '2', 0),
(963, 'A456', '2016-04-14 10:24:55', 211, '2', 0),
(964, 'A455', '2016-04-14 10:25:10', 1, '2', 0),
(965, 'A453', '2016-04-14 10:25:31', 185, '2', 0),
(966, 'A469', '2016-04-14 10:25:57', 2, '2', 0),
(967, 'A447', '2016-04-14 10:26:55', 23, '2', 0),
(968, 'A468', '2016-04-14 10:27:22', 1, '2', 0),
(969, 'A446', '2016-04-14 10:27:39', 24, '2', 0),
(970, 'A445', '2016-04-14 10:28:06', 21, '2', 0),
(971, 'A444', '2016-04-14 10:28:23', 3, '2', 0),
(972, 'A443', '2016-04-14 10:28:49', 13, '2', 0),
(973, 'A442', '2016-04-14 10:29:30', 1, '2', 0),
(974, 'A441', '2016-04-14 10:29:50', 21, '2', 0),
(975, 'A440', '2016-04-14 10:30:09', 10, '2', 0),
(976, 'A439', '2016-04-14 10:34:34', 12, '2', 0),
(977, 'A438', '2016-04-14 10:34:52', 8, '2', 0),
(978, 'A437', '2016-04-14 10:35:16', 34, '2', 0),
(979, 'A436', '2016-04-14 10:35:45', 76, '2', 0),
(980, 'A435', '2016-04-14 10:35:59', 9, '2', 0),
(981, 'A433', '2016-04-14 10:36:14', 9, '2', 0),
(982, 'A432', '2016-04-14 10:36:30', 20, '2', 0),
(983, 'A429', '2016-04-14 10:36:54', 303, '2', 0),
(984, 'A428', '2016-04-14 10:37:34', 435, '2', 0),
(985, 'K 003', '2016-04-14 10:40:38', 0, '6', 0),
(986, 'K 003', '2016-04-14 10:41:14', 10, '2', 0),
(987, 'A730', '2016-04-14 10:42:20', 18, '2', 0),
(988, 'A415', '2016-04-14 10:42:56', 85, '2', 0),
(989, 'A426', '2016-04-14 10:43:17', 13, '2', 0),
(990, 'A423', '2016-04-14 10:43:57', 284, '2', 0),
(991, 'A422', '2016-04-14 10:44:24', 57, '2', 0),
(992, 'A421', '2016-04-14 10:44:41', 83, '2', 0),
(993, 'A419', '2016-04-14 10:45:24', 229, '2', 0),
(994, 'A418', '2016-04-14 10:45:36', 94, '2', 0),
(995, 'A411', '2016-04-14 10:46:57', 180, '2', 0),
(996, 'A403', '2016-04-14 10:47:14', 91, '2', 0),
(997, 'A905', '2016-04-14 10:47:47', 26, '2', 0),
(998, 'A392', '2016-04-14 10:48:27', 1, '2', 0),
(999, 'A391', '2016-04-14 10:48:51', 1, '2', 0),
(1000, 'A383', '2016-04-14 10:50:03', 400, '2', 0),
(1001, 'A384', '2016-04-14 10:50:37', 3, '2', 0),
(1002, 'A371', '2016-04-14 10:51:13', 124, '2', 0),
(1003, 'A368', '2016-04-14 10:51:43', 33, '2', 0),
(1004, 'A356', '2016-04-14 10:53:11', 27, '2', 0),
(1005, 'A347', '2016-04-14 10:53:59', 567, '2', 0),
(1006, 'A282', '2016-04-14 10:54:29', 2, '2', 0),
(1007, 'A275', '2016-04-14 10:56:06', 1, '2', 0),
(1008, 'A273', '2016-04-14 10:56:36', 2, '2', 0),
(1009, 'A258', '2016-04-14 10:57:13', 10, '2', 0),
(1010, 'A225', '2016-04-14 10:57:56', 1, '2', 0),
(1011, 'A194', '2016-04-14 10:58:32', 7, '2', 0),
(1012, 'A192', '2016-04-14 10:58:50', 1, '2', 0),
(1013, 'A178', '2016-04-14 11:02:39', 7, '2', 0),
(1014, 'A177', '2016-04-14 11:03:02', 7, '2', 0),
(1015, 'A176', '2016-04-14 11:03:19', 10, '2', 0),
(1016, 'A174', '2016-04-14 11:03:54', 9, '2', 0),
(1017, 'A172', '2016-04-14 11:04:17', 7, '2', 0),
(1018, 'A168', '2016-04-14 11:06:48', 7, '2', 0),
(1019, 'A167', '2016-04-14 11:07:09', 15, '2', 0),
(1020, 'A161', '2016-04-14 11:08:21', 3, '2', 0),
(1021, 'A159', '2016-04-14 11:14:14', 3, '2', 0),
(1022, 'A158', '2016-04-14 11:14:23', 15, '2', 0),
(1023, 'A156', '2016-04-14 11:16:01', 4, '2', 0),
(1024, 'A155', '2016-04-14 11:16:11', 15, '2', 0),
(1025, 'A154', '2016-04-14 11:16:28', 18, '2', 0),
(1026, 'A149', '2016-04-14 11:16:47', 1, '2', 0),
(1027, 'A121', '2016-04-14 11:17:20', 2, '2', 0),
(1028, 'A120', '2016-04-14 11:17:32', 2, '2', 0),
(1029, 'A122', '2016-04-14 11:17:46', 8, '2', 0),
(1030, 'A114', '2016-04-14 11:19:14', 2, '2', 0),
(1031, 'A108', '2016-04-14 11:19:30', 6, '2', 0),
(1032, 'A107', '2016-04-14 11:19:44', 10, '2', 0),
(1033, 'B 207', '2016-04-14 11:25:54', 0, '6', 0),
(1034, 'ADV05', '2016-04-14 11:57:41', 108, '4', 0),
(1035, 'ADV10', '2016-04-14 11:57:58', 64, '4', 0),
(1036, 'ADV11', '2016-04-14 11:58:08', 44, '4', 0),
(1037, 'ADV19', '2016-04-14 11:58:23', 17, '4', 0),
(1038, 'ADV20', '2016-04-14 11:58:33', 19, '4', 0),
(1039, 'ADV21', '2016-04-14 11:58:47', 27, '4', 0),
(1040, 'ADV62', '2016-04-14 11:59:04', 69, '4', 0),
(1041, 'ADV63', '2016-04-14 11:59:13', 35, '4', 0),
(1042, 'ADV64', '2016-04-14 11:59:25', 39, '4', 0),
(1043, 'ADV65', '2016-04-14 12:00:00', 61, '4', 0),
(1044, 'ADV66', '2016-04-14 12:00:17', 27, '4', 0),
(1045, 'ADV67', '2016-04-14 12:00:30', 44, '4', 0),
(1046, 'ADV70', '2016-04-14 12:00:43', 9, '4', 0),
(1047, 'ADV71', '2016-04-14 12:00:56', 37, '4', 0),
(1048, 'ADV72', '2016-04-14 12:06:48', 5, '4', 0),
(1049, 'ADV33', '2016-04-14 12:07:21', 15, '4', 0),
(1050, 'ADV37', '2016-04-14 12:07:33', 26, '4', 0),
(1051, 'ADV38', '2016-04-14 12:07:43', 26, '4', 0),
(1052, 'ADV40', '2016-04-14 12:08:27', 50, '4', 0),
(1053, 'ADV41', '2016-04-14 12:08:34', 10, '4', 0),
(1054, 'ADV43', '2016-04-14 12:08:50', 42, '4', 0),
(1055, 'ADV44', '2016-04-14 12:09:02', 14, '4', 0),
(1056, 'ADV90', '2016-04-14 12:09:25', 21, '4', 0),
(1057, 'ADV105', '2016-04-14 12:09:41', 597, '4', 0),
(1058, 'ADV114', '2016-04-14 12:09:55', 536, '4', 0),
(1059, 'ADV111', '2016-04-14 12:10:05', 129, '4', 0),
(1060, 'ADV92', '2016-04-14 12:10:33', 434, '4', 0),
(1061, 'ADV93', '2016-04-14 12:11:51', 786, '4', 0),
(1062, 'ADV99', '2016-04-14 12:12:09', 280, '4', 0),
(1063, 'ADV102', '2016-04-14 12:13:37', 0, '4', 0),
(1064, 'ADV101', '2016-04-14 12:14:15', 36, '4', 0),
(1065, 'ADV97', '2016-04-14 12:14:43', 43, '4', 0),
(1066, 'ADV100', '2016-04-14 12:15:05', 133, '4', 0),
(1067, 'ADV115', '2016-04-14 12:15:28', 19, '4', 0),
(1068, 'ADV116', '2016-04-14 12:15:50', 25, '4', 0),
(1069, 'ADV125', '2016-04-14 12:16:41', 22, '4', 0),
(1070, 'ADV117', '2016-04-14 12:16:56', 6, '4', 0),
(1071, 'ADV118', '2016-04-14 12:17:29', 276, '4', 0),
(1072, 'ADV30', '2016-04-14 12:17:54', 93, '4', 0),
(1073, 'ADV31', '2016-04-14 12:18:09', 178, '4', 0),
(1074, 'ADV123', '2016-04-14 12:18:24', 181, '4', 0),
(1075, 'ADV122', '2016-04-14 12:18:49', 300, '4', 0),
(1076, 'ADV94', '2016-04-14 12:19:02', 36, '4', 0),
(1077, 'ADV96', '2016-04-14 12:19:10', 91, '4', 0),
(1078, 'ADV74', '2016-04-14 12:19:45', 10, '4', 0),
(1079, 'ADV104', '2016-04-14 12:20:08', 299, '4', 0),
(1080, 'ADV109', '2016-04-14 12:20:21', 42, '4', 0),
(1081, 'ADV75', '2016-04-14 12:20:39', 11, '4', 0),
(1082, 'ADV76', '2016-04-14 12:20:54', 4, '4', 0),
(1084, 'ADV 4678', '2016-04-14 12:21:53', 15, '4', 0),
(1085, 'ADV83', '2016-04-14 12:22:10', 14, '4', 0);
INSERT INTO `history_saldo` (`id_history`, `kode`, `tanggal`, `saldo`, `id_cabang`, `saldo_rusak`) VALUES
(1086, 'U29', '2016-04-14 12:33:11', 140, '6', 0),
(1087, 'U21', '2016-04-14 12:33:46', 30, '6', 0),
(1089, 'ADV82', '2016-04-14 13:24:36', 51, '4', 0),
(1090, 'ADV88', '2016-04-14 13:24:53', 15, '4', 0),
(1091, 'ADV46', '2016-04-14 13:25:08', 44, '4', 0),
(1092, 'ADV48', '2016-04-14 13:25:22', 97, '4', 0),
(1093, 'ADV47', '2016-04-14 13:25:32', 40, '4', 0),
(1094, 'ADV51', '2016-04-14 13:25:45', 20, '4', 0),
(1095, 'ADV52', '2016-04-14 13:26:07', 3, '4', 0),
(1096, 'ADV59', '2016-04-14 13:26:21', 1, '4', 0),
(1097, 'ADV45', '2016-04-14 13:26:33', 6, '4', 0),
(1098, 'ADV68', '2016-04-14 13:26:43', 2, '4', 0),
(1099, 'ADV119', '2016-04-14 13:26:54', 40, '4', 0),
(1100, 'ADV80', '2016-04-14 13:27:07', 2, '4', 0),
(1101, 'ADV81', '2016-04-14 13:27:16', 3, '4', 0),
(1102, 'ADV79', '2016-04-14 13:27:29', 4, '4', 0),
(1103, 'ADV32', '2016-04-14 13:27:43', 45, '4', 0),
(1104, 'ADV120', '2016-04-14 13:27:56', 228, '4', 0),
(1105, 'ADV121', '2016-04-14 13:28:03', 131, '4', 0),
(1106, 'PB88', '2016-04-14 13:32:41', 25, '4', 0),
(1107, 'A485', '2016-04-14 13:34:17', 8, '4', 0),
(1108, 'A32', '2016-04-14 13:34:50', 36, '4', 0),
(1109, 'A36', '2016-04-14 13:34:59', 3, '4', 0),
(1110, 'A37', '2016-04-14 13:35:06', 16, '4', 0),
(1111, 'A38', '2016-04-14 13:35:13', 14, '4', 0),
(1112, 'A95', '2016-04-14 13:35:27', 2, '4', 0),
(1113, 'A149', '2016-04-14 13:35:41', 2, '4', 0),
(1114, 'DX1', '2016-04-14 13:37:10', 0, '4', 0),
(1115, 'A75', '2016-04-14 13:37:52', 3, '4', 0),
(1116, 'A76', '2016-04-14 13:38:00', 5, '4', 0),
(1117, 'A96', '2016-04-14 13:38:09', 6, '4', 0),
(1118, 'A178', '2016-04-14 13:38:19', 1, '4', 0),
(1119, 'A177', '2016-04-14 13:38:37', 1, '4', 0),
(1120, 'A79', '2016-04-14 13:38:48', 5, '4', 0),
(1121, 'A33', '2016-04-14 13:39:12', 19, '4', 0),
(1122, 'A230', '2016-04-14 13:39:28', 11, '4', 0),
(1123, 'A235', '2016-04-14 13:39:35', 8, '4', 0),
(1124, 'A226', '2016-04-14 13:39:45', 3, '4', 0),
(1125, 'ADV129', '2016-04-14 13:40:16', 104, '4', 0),
(1126, 'ADV130', '2016-04-14 13:40:23', 100, '4', 0),
(1127, 'A05', '2016-04-14 13:40:39', 14, '4', 0),
(1128, 'A06', '2016-04-14 13:40:54', 2, '4', 0),
(1129, 'A289', '2016-04-14 13:41:21', 1, '4', 0),
(1130, 'A274', '2016-04-14 13:43:28', 3, '4', 0),
(1131, 'A483', '2016-04-14 13:43:53', 57, '4', 0),
(1132, 'A484', '2016-04-14 13:44:02', 9, '4', 0),
(1133, 'A476', '2016-04-14 13:44:39', 2, '4', 0),
(1134, 'A478', '2016-04-14 13:44:52', 83, '4', 0),
(1135, 'A479', '2016-04-14 13:45:01', 61, '4', 0),
(1136, 'A488', '2016-04-14 13:46:09', 3, '4', 0),
(1137, 'A456', '2016-04-14 13:46:59', 39, '4', 0),
(1138, 'A465', '2016-04-14 13:47:11', 11, '4', 0),
(1139, 'A466', '2016-04-14 13:47:19', 10, '4', 0),
(1140, 'A458', '2016-04-14 13:47:28', 5, '4', 0),
(1141, 'A463', '2016-04-14 13:47:37', 9, '4', 0),
(1142, 'A901', '2016-04-14 13:47:52', 10, '4', 0),
(1143, 'A460', '2016-04-14 13:48:13', 5, '4', 0),
(1144, 'A453', '2016-04-14 13:48:22', 0, '4', 0),
(1145, 'A348', '2016-04-14 13:49:26', 14, '4', 0),
(1146, 'A347', '2016-04-14 13:50:41', 79, '4', 0),
(1147, 'A423', '2016-04-14 13:51:28', 56, '4', 0),
(1148, 'A98', '2016-04-14 13:54:15', 1, '4', 0),
(1149, 'A80', '2016-04-14 13:58:58', 10, '4', 0),
(1150, 'A77', '2016-04-14 13:59:13', 10, '4', 0),
(1151, 'A42', '2016-04-14 13:59:29', 1, '4', 0),
(1152, 'A51', '2016-04-14 13:59:49', 8, '4', 0),
(1153, 'ADV128', '2016-04-14 14:02:59', 95, '4', 0),
(1160, 'T 1-48', '2016-04-14 14:22:04', 1040, '6', 0),
(1163, 'A411', '2016-04-14 14:23:46', 95, '4', 0),
(1172, 'B', '2016-04-14 14:31:09', 0, '6', 0),
(1174, 'B', '2016-04-14 14:32:36', 10, '4', 0),
(1177, 'ADV01', '2016-04-14 14:42:26', 523, '1', 0),
(1178, 'ADV03', '2016-04-14 14:43:03', 341, '1', 0),
(1179, 'ADV05', '2016-04-14 14:43:27', 98, '1', 0),
(1180, 'ADV09', '2016-04-14 14:43:48', 48, '1', 0),
(1181, 'ADV10', '2016-04-14 14:44:15', 141, '1', 0),
(1182, 'PB88', '2016-04-14 14:44:38', 60, '1', 0),
(1183, 'ADV15', '2016-04-14 14:44:58', 35, '1', 0),
(1184, 'ADV15', '2016-04-14 14:46:17', 35, '1', 0),
(1185, 'ADV16', '2016-04-14 14:46:30', 15, '1', 0),
(1186, 'ADV19', '2016-04-14 14:46:46', 65, '1', 0),
(1187, 'ADV21', '2016-04-14 14:46:56', 20, '1', 0),
(1188, 'ADV30', '2016-04-14 14:47:06', 353, '1', 0),
(1189, 'ADV31', '2016-04-14 14:47:21', 20, '1', 0),
(1190, 'ADV32', '2016-04-14 14:47:39', 31, '1', 0),
(1191, 'ADV36', '2016-04-14 14:47:53', 64, '1', 0),
(1192, 'F 36', '2016-04-14 14:48:27', 720, '6', 0),
(1193, 'ADV37', '2016-04-14 14:48:30', 58, '1', 0),
(1194, 'ADV40', '2016-04-14 14:48:44', 32, '1', 0),
(1195, 'ADV45', '2016-04-14 14:48:57', 8, '1', 0),
(1196, 'ADV74', '2016-04-14 14:49:22', 11, '1', 0),
(1197, 'ADV79', '2016-04-14 14:49:44', 4, '1', 0),
(1198, 'ADV82', '2016-04-14 14:49:54', 8, '1', 0),
(1199, 'ADV83', '2016-04-14 14:50:12', 10, '1', 0),
(1200, 'ADV84', '2016-04-14 14:50:19', 25, '1', 0),
(1201, 'ADV88', '2016-04-14 14:50:41', 22, '1', 0),
(1202, 'ADV90', '2016-04-14 14:50:54', 39, '1', 0),
(1203, 'ADV89', '2016-04-14 14:51:37', 56, '1', 0),
(1204, 'ADV92', '2016-04-14 14:51:53', 695, '1', 0),
(1205, 'ADV93', '2016-04-14 14:52:05', 1492, '1', 0),
(1206, 'ADV96', '2016-04-14 14:52:49', 81, '1', 0),
(1207, 'ADV97', '2016-04-14 14:53:05', 825, '1', 0),
(1208, 'ADV98', '2016-04-14 14:53:19', 876, '1', 0),
(1209, 'ADV99', '2016-04-14 14:53:31', 695, '1', 0),
(1210, 'ADV100', '2016-04-14 14:59:32', 359, '1', 0),
(1211, 'ADV102', '2016-04-14 14:59:44', 4, '1', 0),
(1212, 'ADV103', '2016-04-14 14:59:56', 139, '1', 0),
(1213, 'ADV104', '2016-04-14 15:01:45', 269, '1', 0),
(1214, 'ADV105', '2016-04-14 15:01:58', 768, '1', 0),
(1215, 'ADV93', '2016-04-14 15:02:29', 3034, '6', 0),
(1216, 'ADV93', '2016-04-14 15:02:30', 3034, '6', 0),
(1217, 'ADV106', '2016-04-14 15:02:34', 294, '1', 0),
(1218, 'ADV108', '2016-04-14 15:02:47', 67, '1', 0),
(1219, 'ADV110', '2016-04-14 15:03:05', 54, '1', 0),
(1220, 'ADV111', '2016-04-14 15:03:17', 54, '1', 0),
(1221, 'ADV114', '2016-04-14 15:03:30', 941, '1', 0),
(1222, 'ADV116', '2016-04-14 15:03:32', 12, '6', 0),
(1223, 'ADV116', '2016-04-14 15:03:46', 57, '1', 0),
(1224, 'ADV59', '2016-04-14 15:04:18', 2, '1', 0),
(1225, 'ADV62', '2016-04-14 15:04:32', 8, '1', 0),
(1226, 'ADV64', '2016-04-14 15:04:44', 15, '1', 0),
(1227, 'ADV65', '2016-04-14 15:04:52', 29, '1', 0),
(1228, 'ADV66', '2016-04-14 15:05:03', 25, '1', 0),
(1229, 'ADV67', '2016-04-14 15:05:23', 4, '1', 0),
(1230, 'ADV68', '2016-04-14 15:05:41', 3, '1', 0),
(1231, 'ADV70', '2016-04-14 15:05:50', 16, '1', 0),
(1232, 'ADV71', '2016-04-14 15:06:01', 105, '1', 0),
(1233, 'ADV72', '2016-04-14 15:06:12', 6, '1', 0),
(1234, 'ADV117', '2016-04-14 15:06:26', 102, '1', 0),
(1235, 'ADV118', '2016-04-14 15:06:37', 147, '1', 0),
(1236, 'ADV119', '2016-04-14 15:06:51', 203, '1', 0),
(1237, 'ADV120', '2016-04-14 15:07:10', 397, '1', 0),
(1238, 'ADV121', '2016-04-14 15:07:25', 1, '1', 0),
(1239, 'ADV122', '2016-04-14 15:07:56', 50, '1', 0),
(1240, 'ADV123', '2016-04-14 15:08:22', 398, '1', 0),
(1241, 'ADV125', '2016-04-14 15:08:38', 50, '1', 0),
(1242, 'ADV127', '2016-04-14 15:10:05', 90, '1', 0),
(1243, 'ADV128', '2016-04-14 15:10:17', 170, '1', 0),
(1244, 'ADV129', '2016-04-14 15:10:28', 144, '1', 0),
(1245, 'ADV130', '2016-04-14 15:10:42', 179, '1', 0),
(1246, 'A443', '2016-04-14 15:10:55', 91, '1', 0),
(1247, 'ADV48', '2016-04-14 15:28:28', 30, '6', 0),
(1248, 'ADV119', '2016-04-14 15:55:04', 1800, '6', 0),
(1250, 'T 01', '2016-04-14 17:35:36', 100, '6', 0),
(1251, 'T02', '2016-04-14 17:36:22', 100, '6', 0),
(1252, 'T03', '2016-04-14 17:37:18', 96, '6', 0),
(1253, 'T04', '2016-04-14 17:37:55', 100, '6', 0),
(1254, 'T05', '2016-04-14 17:38:29', 100, '6', 0),
(1255, 'SJ ', '2016-04-14 17:39:44', 200, '6', 0),
(1256, 'SJ2', '2016-04-14 17:40:28', 100, '6', 0),
(1258, 'UT 02', '2016-04-14 19:09:05', 100, '6', 0),
(1259, 'ADV124', '2016-04-14 19:30:52', 179, '6', 0),
(1260, 'ADV 4678', '2016-04-14 19:39:08', 100, '6', 0),
(1261, 'ADV85', '2016-04-14 19:40:16', 100, '6', 0),
(1262, 'ADV85', '2016-04-14 19:41:09', 100, '6', 0),
(1263, 'ADV83', '2016-04-14 19:43:12', 100, '6', 0),
(1264, 'ADV86', '2016-04-14 19:43:37', 100, '6', 0),
(1265, 'ADV01', '2016-04-14 19:50:17', 1453, '6', 0),
(1266, 'ADV52', '2016-04-14 19:53:04', 20, '6', 0),
(1267, 'A230', '2016-04-15 09:26:47', 50, '6', 0),
(1268, 'A221', '2016-04-15 09:27:15', 51, '6', 0),
(1269, 'A228', '2016-04-15 09:28:06', 0, '6', 0),
(1270, 'A225', '2016-04-15 09:28:38', 50, '6', 0),
(1271, 'A226', '2016-04-15 09:28:58', 19, '6', 0),
(1272, 'ADV30', '2016-04-15 09:45:57', 880, '6', 0),
(1273, 'A72', '2016-04-15 09:47:15', 5, '6', 0),
(1274, 'ADV84', '2016-04-15 09:56:07', 100, '6', 0),
(1275, 'ADV03', '2016-04-15 09:59:40', 660, '6', 0),
(1276, 'ADV89', '2016-04-15 10:02:17', 900, '6', 0),
(1277, 'ADV106', '2016-04-15 10:02:50', 1447, '6', 0),
(1278, 'A55', '2016-04-15 10:22:23', 3, '6', 0),
(1279, 'A95', '2016-04-15 10:22:23', 25, '6', 0),
(1280, 'A104', '2016-04-15 10:22:23', 10, '6', 0),
(1281, 'A274', '2016-04-15 10:22:24', 9, '6', 0),
(1282, 'A462', '2016-04-15 10:57:13', 30, '6', 0),
(1283, 'A467', '2016-04-15 10:57:14', 30, '6', 0),
(1284, 'A32', '2016-04-15 10:57:14', 220, '6', 0),
(1285, 'A33', '2016-04-15 10:57:14', 130, '6', 0),
(1286, 'A38', '2016-04-15 10:57:15', 100, '6', 0),
(1287, 'A49', '2016-04-15 10:57:16', 15, '6', 0),
(1288, 'A53', '2016-04-15 10:57:16', 5, '6', 0),
(1289, 'A54', '2016-04-15 10:57:16', 15, '6', 0),
(1290, 'A50', '2016-04-15 10:57:16', 5, '6', 0),
(1291, 'A59', '2016-04-15 10:57:16', 5, '6', 0),
(1292, 'A61', '2016-04-15 10:57:16', 5, '6', 0),
(1293, 'A57', '2016-04-15 10:57:17', 10, '6', 0),
(1294, 'A63', '2016-04-15 10:57:17', 5, '6', 0),
(1295, 'A67', '2016-04-15 10:57:17', 10, '6', 0),
(1296, 'A73', '2016-04-15 10:57:17', 20, '6', 0),
(1297, 'A77', '2016-04-15 10:57:18', 5, '6', 0),
(1298, 'A93', '2016-04-15 10:57:18', 5, '6', 0),
(1299, 'A92', '2016-04-15 10:57:18', 20, '6', 0),
(1300, 'A91', '2016-04-15 10:57:18', 5, '6', 0),
(1301, 'A90', '2016-04-15 10:57:18', 20, '6', 0),
(1302, 'A88', '2016-04-15 10:57:18', 20, '6', 0),
(1303, 'A97', '2016-04-15 10:57:18', 15, '6', 0),
(1304, 'A100', '2016-04-15 10:57:19', -40, '6', 0),
(1305, 'A102', '2016-04-15 10:57:20', 10, '6', 0),
(1306, 'A106', '2016-04-15 10:57:20', 10, '6', 0),
(1307, 'A108', '2016-04-15 10:57:20', 5, '6', 0),
(1308, 'A109', '2016-04-15 10:57:20', 5, '6', 0),
(1309, 'A110', '2016-04-15 10:57:20', 20, '6', 0),
(1310, 'A111', '2016-04-15 10:57:21', 5, '6', 0),
(1311, 'A112', '2016-04-15 10:57:21', 5, '6', 0),
(1312, 'A113', '2016-04-15 10:57:21', 0, '6', 0),
(1313, 'A115', '2016-04-15 10:57:21', 5, '6', 0),
(1314, 'A116', '2016-04-15 10:57:21', 5, '6', 0),
(1315, 'A117', '2016-04-15 10:57:21', 5, '6', 0),
(1316, 'A132', '2016-04-15 10:57:21', 5, '6', 0),
(1317, 'U40', '2016-04-15 11:18:28', 80, '6', 0),
(1318, 'ADV104', '2016-04-15 11:45:31', -500, '6', 0),
(1319, 'BA', '2016-04-15 12:28:31', 20, '6', 0),
(1320, 'BT O', '2016-04-15 12:32:22', 5, '6', 0),
(1321, 'A133', '2016-04-15 12:48:35', 5, '6', 0),
(1322, 'A296', '2016-04-15 12:48:36', 10, '6', 0),
(1323, 'A81', '2016-04-15 12:48:36', 10, '6', 0),
(1324, 'A80', '2016-04-15 12:48:36', 10, '6', 0),
(1325, 'A220', '2016-04-15 12:48:39', 50, '6', 0),
(1326, 'A275', '2016-04-15 12:48:39', 30, '6', 0),
(1327, 'A259', '2016-04-15 12:48:40', 30, '6', 0),
(1328, 'A419', '2016-04-15 12:48:40', 400, '6', 0),
(1329, 'A487', '2016-04-15 12:48:40', 400, '6', 0),
(1330, 'A488', '2016-04-15 12:48:41', 600, '6', 0),
(1331, 'A371', '2016-04-15 12:48:42', 50, '6', 0),
(1332, 'A368', '2016-04-15 12:48:42', 50, '6', 0),
(1333, 'A486', '2016-04-15 12:48:42', 1000, '6', 0),
(1334, 'A459', '2016-04-15 12:48:43', 30, '6', 0),
(1335, 'A457', '2016-04-15 12:48:43', 50, '6', 0),
(1336, 'A453', '2016-04-15 12:48:43', 200, '6', 0),
(1337, 'A451', '2016-04-15 12:48:44', 40, '6', 0),
(1338, 'A430', '2016-04-15 12:48:44', 550, '6', 0),
(1339, 'A434', '2016-04-15 12:48:44', 200, '6', 0),
(1340, 'ES10', '2016-04-15 12:52:48', 400, '6', 0),
(1341, 'H12', '2016-04-15 12:56:35', 24, '6', 0),
(1342, 'A437', '2016-04-15 13:03:11', 100, '6', 0),
(1343, 'ADV49', '2016-04-15 13:23:35', 4, '6', 0),
(1344, 'ADV115', '2016-04-15 13:23:36', 100, '6', 0),
(1345, 'ADV117', '2016-04-15 13:23:37', 780, '6', 0),
(1346, 'ADV75', '2016-04-15 13:29:48', 22, '6', 0),
(1347, 'PB88', '2016-04-15 15:20:44', 30, '2', 0),
(1348, 'A24', '2016-04-15 15:21:14', -91, '2', 0),
(1349, 'A406', '2016-04-15 16:22:41', -20, '6', 0),
(1350, 'A406', '2016-04-15 16:22:41', 20, '2', 0),
(1351, 'A407', '2016-04-15 16:22:41', -10, '6', 0),
(1352, 'A407', '2016-04-15 16:22:41', 10, '2', 0),
(1353, 'ADV39', '2016-04-15 16:22:43', 5, '2', 0),
(1354, 'UT', '2016-04-15 16:57:55', 480, '6', 0),
(1355, 'UT', '2016-04-15 17:18:48', 480, '6', 0),
(1356, 'U2', '2016-04-15 17:47:47', 100, '2', 0),
(1357, 'U3', '2016-04-15 17:47:47', 100, '2', 0),
(1358, 'U4', '2016-04-15 17:47:47', 50, '2', 0),
(1359, 'U5', '2016-04-15 17:47:47', 30, '2', 0),
(1360, 'U6', '2016-04-15 17:47:47', 30, '2', 0),
(1361, 'U7', '2016-04-15 17:47:48', 100, '2', 0),
(1362, 'UT', '2016-04-15 17:47:48', 100, '2', 0),
(1363, 'U9', '2016-04-15 17:47:48', 90, '2', 0),
(1364, 'U10', '2016-04-15 17:47:48', 20, '2', 0),
(1365, 'U13', '2016-04-15 17:47:48', 80, '2', 0),
(1366, 'U14', '2016-04-15 17:47:49', 80, '2', 0),
(1367, 'U15', '2016-04-15 17:47:49', 100, '2', 0),
(1368, 'U16', '2016-04-15 17:47:49', 100, '2', 0),
(1369, 'U17', '2016-04-15 17:47:49', 50, '2', 0),
(1370, 'U19', '2016-04-15 17:47:49', 50, '2', 0),
(1371, 'U21', '2016-04-15 17:47:49', 50, '2', 0),
(1372, 'U25', '2016-04-15 17:47:49', 30, '2', 0),
(1373, 'U26', '2016-04-15 17:47:49', 30, '2', 0),
(1374, 'U27', '2016-04-15 17:47:49', 30, '2', 0),
(1375, 'U23', '2016-04-15 17:47:50', 30, '2', 0),
(1376, 'U22', '2016-04-15 17:47:50', 160, '2', 0),
(1377, 'U28', '2016-04-15 17:47:50', 30, '2', 0),
(1378, 'U1', '2016-04-15 17:47:50', 30, '2', 0),
(1379, 'U29', '2016-04-15 17:47:50', 40, '2', 0),
(1380, 'U30', '2016-04-15 17:47:50', 50, '2', 0),
(1381, 'U31', '2016-04-15 17:47:50', 30, '2', 0),
(1382, 'U11', '2016-04-15 17:47:51', 30, '2', 0),
(1383, 'U24', '2016-04-15 17:47:51', 39, '2', 0),
(1384, 'ES10', '2016-04-15 19:04:00', -5, '2', 0),
(1385, 'ADV16', '2016-04-16 09:58:25', -73, '6', 0),
(1386, 'ADV16', '2016-04-16 09:58:25', 60, '2', 0),
(1387, 'A430', '2016-04-16 09:58:25', 300, '2', 0),
(1388, 'A259', '2016-04-16 10:31:05', -1, '2', 0),
(1389, 'A345', '2016-04-16 10:31:06', -50, '2', 0),
(1390, 'ADV02', '2016-04-16 10:49:04', -1, '2', 0),
(1391, 'A17', '2016-04-16 10:49:04', -1, '2', 0),
(1392, 'b 206', '2016-04-16 11:16:14', 100, '3', 0),
(1393, 'ADV117', '2016-04-16 11:16:14', 50, '3', 0),
(1394, 'ADV118', '2016-04-16 11:16:14', -150, '6', 0),
(1395, 'H12', '2016-04-16 11:16:14', 8, '3', 0),
(1396, 'ADV75', '2016-04-16 11:16:14', 8, '3', 0),
(1397, 'A33', '2016-04-16 11:16:15', 30, '3', 0),
(1398, 'A429', '2016-04-16 11:16:16', 50, '3', 0),
(1399, 'A486', '2016-04-16 11:16:16', 700, '3', 0),
(1400, 'A48', '2016-04-16 11:16:16', 10, '3', 0),
(1401, 'A58', '2016-04-16 11:16:16', 10, '3', 0),
(1402, 'A53', '2016-04-16 11:16:16', 10, '3', 0),
(1403, 'A34', '2016-04-16 11:16:16', 10, '3', 0),
(1404, 'A72', '2016-04-16 11:16:17', 10, '3', 0),
(1405, 'A80', '2016-04-16 11:16:17', 10, '3', 0),
(1406, 'A148', '2016-04-16 11:16:17', 10, '3', 0),
(1407, 'A415', '2016-04-16 11:16:17', 100, '3', 0),
(1408, 'A32', '2016-04-16 11:16:18', 30, '3', 0),
(1409, 'A419', '2016-04-16 11:16:18', 100, '3', 0),
(1410, 'A12', '2016-04-16 11:16:18', 198, '3', 0),
(1411, 'A483', '2016-04-16 11:16:18', -100, '6', 0),
(1412, 'A484', '2016-04-16 11:16:18', -100, '6', 0),
(1413, 'A484', '2016-04-16 11:16:18', 100, '3', 0),
(1414, 'A05', '2016-04-16 11:16:18', 100, '3', 0),
(1415, 'A487', '2016-04-16 11:16:18', 100, '3', 0),
(1416, 'A400', '2016-04-16 11:16:18', 30, '3', 0),
(1417, 'ADV43', '2016-04-16 11:50:03', 24, '1', 0),
(1418, 'H12', '2016-04-16 11:50:03', 8, '1', 0),
(1419, 'ADV75', '2016-04-16 11:50:03', 8, '1', 0),
(1420, 'ADV33', '2016-04-16 11:50:03', 30, '1', 0),
(1421, 'ADV46', '2016-04-16 11:50:03', 4, '1', 0),
(1422, 'ADV115', '2016-04-16 11:50:03', 50, '1', 0),
(1423, 'ES10', '2016-04-16 11:50:04', 100, '1', 0),
(1424, 'A05', '2016-04-16 11:50:04', 200, '1', 0),
(1425, 'A470', '2016-04-16 11:50:05', -50, '6', 0),
(1426, 'A470', '2016-04-16 11:50:05', 50, '1', 0),
(1427, 'A485', '2016-04-16 11:50:05', -100, '6', 0),
(1428, 'A485', '2016-04-16 11:50:05', 100, '1', 0),
(1429, 'A486', '2016-04-16 11:50:06', 300, '1', 0),
(1430, 'A368', '2016-04-16 11:50:06', 50, '1', 0),
(1431, 'A371', '2016-04-16 11:50:07', 50, '1', 0),
(1432, 'BA', '2016-04-16 11:50:07', 10, '1', 0),
(1433, 'J01', '2016-04-16 13:48:14', 5, '6', 0),
(1434, 'A179', '2016-04-16 13:50:35', 5, '2', 0),
(1435, 'A115', '2016-04-16 13:50:35', 5, '2', 0),
(1436, 'A117', '2016-04-16 13:50:35', 5, '2', 0),
(1437, 'A112', '2016-04-16 13:50:36', 5, '2', 0),
(1438, 'A190', '2016-04-16 13:50:36', 5, '2', 0),
(1439, 'A153', '2016-04-16 13:50:36', 10, '2', 0),
(1440, 'A116', '2016-04-16 13:50:36', 5, '2', 0),
(1441, 'A133', '2016-04-16 13:50:36', 5, '2', 0),
(1442, 'A113', '2016-04-16 13:50:36', 10, '2', 0),
(1443, 'A132', '2016-04-16 13:50:36', 5, '2', 0),
(1444, 'A152', '2016-04-16 13:50:36', 5, '2', 0),
(1445, 'A111', '2016-04-16 13:50:37', 5, '2', 0),
(1446, 'A157', '2016-04-16 13:50:37', 10, '2', 0),
(1447, 'A93', '2016-04-16 13:50:37', 5, '2', 0),
(1448, 'A90', '2016-04-16 13:50:38', 10, '2', 0),
(1449, 'A88', '2016-04-16 13:50:38', 10, '2', 0),
(1450, 'A105', '2016-04-16 13:50:38', 5, '2', 0),
(1451, 'A92', '2016-04-16 13:50:39', 10, '2', 0),
(1452, 'A34', '2016-04-16 13:50:39', 10, '2', 0),
(1453, 'A47', '2016-04-16 13:50:40', 5, '2', 0),
(1454, 'A98', '2016-04-16 13:50:40', 5, '2', 0),
(1455, 'A180', '2016-04-16 13:50:40', 5, '2', 0),
(1456, 'A181', '2016-04-16 13:50:40', 5, '2', 0),
(1457, 'A169', '2016-04-16 13:50:41', 5, '2', 0),
(1458, 'BT O', '2016-04-16 13:50:42', 5, '2', 0),
(1459, 'A193', '2016-04-16 13:50:42', 5, '2', 0),
(1460, 'A36', '2016-04-16 13:50:42', 10, '2', 0),
(1461, 'A57', '2016-04-16 13:50:42', 10, '2', 0),
(1462, 'A72', '2016-04-16 13:50:43', 5, '2', 0),
(1463, 'A184', '2016-04-16 13:50:43', 5, '2', 0),
(1464, 'A187', '2016-04-16 13:50:43', 5, '2', 0),
(1465, 'A186', '2016-04-16 13:50:43', 5, '2', 0),
(1466, 'A196', '2016-04-16 13:50:43', 10, '2', 0),
(1467, 'A148', '2016-04-16 13:50:43', 10, '2', 0),
(1468, 'A53', '2016-04-16 13:50:43', 5, '2', 0),
(1469, 'A52', '2016-04-16 13:50:43', 5, '2', 0),
(1470, 'A50', '2016-04-16 13:50:44', 5, '2', 0),
(1471, 'A77', '2016-04-16 13:50:44', 5, '2', 0),
(1472, 'A54', '2016-04-16 13:50:44', 5, '2', 0),
(1473, 'A95', '2016-04-16 13:50:45', 15, '2', 0),
(1474, 'A91', '2016-04-16 13:50:45', 5, '2', 0),
(1475, 'A109', '2016-04-16 13:50:45', 5, '2', 0),
(1476, 'A87', '2016-04-16 13:50:45', 5, '2', 0),
(1477, 'A59', '2016-04-16 13:50:45', 5, '2', 0),
(1478, 'A189', '2016-04-16 13:50:46', 5, '2', 0),
(1479, 'A100', '2016-04-16 13:50:46', 50, '2', 0),
(1480, 'A61', '2016-04-16 13:50:46', 5, '2', 0),
(1481, 'A207', '2016-04-16 13:50:46', 5, '2', 0),
(1482, 'A205', '2016-04-16 13:50:46', 5, '2', 0),
(1483, 'J01', '2016-04-16 13:55:42', 5, '2', 0),
(1484, 'ADV48', '2016-04-16 14:00:48', -6, '1', 0),
(1485, 'A23', '2016-04-16 14:06:18', -1, '1', 0),
(1486, 'A483', '2016-04-16 14:13:23', -20, '1', 0),
(1487, 'A261', '2016-04-16 14:53:15', -1, '3', 0);

-- --------------------------------------------------------

--
-- Struktur dari tabel `karyawan`
--

CREATE TABLE IF NOT EXISTS `karyawan` (
  `username` varchar(10) NOT NULL,
  `nama` varchar(50) NOT NULL,
  `no_telp` varchar(15) NOT NULL,
  `pin_bb` varchar(10) NOT NULL,
  `password` varchar(10) NOT NULL,
  `level` enum('master','user') NOT NULL,
  `status` enum('aktif','non aktif') NOT NULL,
  `id_cabang` varchar(25) DEFAULT NULL,
  PRIMARY KEY (`username`),
  KEY `id_cabang` (`id_cabang`)
) ENGINE=InnoDB DEFAULT CHARSET=latin1;

--
-- Dumping data untuk tabel `karyawan`
--

INSERT INTO `karyawan` (`username`, `nama`, `no_telp`, `pin_bb`, `password`, `level`, `status`, `id_cabang`) VALUES
('adit', 'ADIT', '6.28783E+12', '5B8922F0', 'adit', 'user', 'non aktif', '6'),
('alwi', 'Mochammad Alwi', '087687', '34543', 'alwis', 'master', 'aktif', '1'),
('arifin', 'ARIFIN', '6.28573E+12', '5ECDD16E', 'arifin', 'user', 'non aktif', '2'),
('bayu', 'BAYU', '6.28523E+12', '7ED6C792', 'bayu4', 'master', 'aktif', '3'),
('buyur', 'BUYUR', '6.28788E+12', '', 'buyur', 'user', 'non aktif', '4'),
('catur', 'CATUR', '6.28122E+12', '5D2C14CB', 'catur', 'user', 'non aktif', '3'),
('edi', 'EDI', '6.28588E+12', '5E070E98', 'ediedi5', 'master', 'aktif', '4'),
('febri', 'FEBRI', '6.28597E+12', '5E960C33', 'febri', 'user', 'non aktif', '6'),
('feri', 'FERI', '6.28775E+12', '23BF515A', 'feri', 'user', 'non aktif', '6'),
('fitri', 'Fitri A', ' ', '', 'fitri', 'master', 'aktif', '6'),
('hendro', 'HENDRO', '6.28564E+12', '5B3CDC43', 'hendro3', 'master', 'aktif', '2'),
('heru', 'HERU', '6.28574E+12', '3250ADF9', 'heru', 'user', 'non aktif', '6'),
('iqbal', 'IQBAL', '628', '5A84D965', 'iqbal', 'user', 'non aktif', '6'),
('munawar', 'MUNAWAR', '6.28214E+12', '56EAEADC', 'munawar', 'user', 'non aktif', '1'),
('nur', 'NUR AHMAD', '628', '32EE9DAD', 'nur', 'user', 'non aktif', '6'),
('ratna', 'Ratna DK', '+6205727989739', '7d9c5a60', 'ratna11', 'master', 'aktif', '6'),
('ricky', 'RICKY', '6.2858E+12', '5ACB7367', 'ricky', 'user', 'non aktif', '3'),
('ridho', 'RIDHO', '6.28967E+12', '5A65FAC4', 'ridho', 'user', 'non aktif', '3'),
('rusnia', 'RUSNIA', '62850000000', '57313085', 'rusnia', 'user', 'non aktif', '1'),
('sobur', 'SOBUR', '62', '5AF4A0F3', 'sobur', 'user', 'non aktif', '2'),
('sugeng', 'SUGENG', '6.28967E+12', '32EE9DAD', 'sugeng2', 'master', 'aktif', '1'),
('tutut', 'TUTUT', '6.28191E+12', '5B99C5FE', 'tutut', 'user', 'non aktif', '6'),
('yuli', 'YULI ', '6.28571E+12', '589E1524', 'yuli', 'master', 'aktif', '6');

-- --------------------------------------------------------

--
-- Struktur dari tabel `kirim_cabang`
--

CREATE TABLE IF NOT EXISTS `kirim_cabang` (
  `no_nota` varchar(25) NOT NULL,
  `tgl_keluar` date NOT NULL,
  `username` varchar(25) NOT NULL,
  `kode_cabang` varchar(25) NOT NULL,
  `total` int(11) NOT NULL,
  `jumlah` int(11) NOT NULL,
  `pengirim` varchar(50) NOT NULL,
  `id_cabang` varchar(25) NOT NULL,
  PRIMARY KEY (`no_nota`),
  KEY `username` (`username`),
  KEY `kode_cabang` (`kode_cabang`),
  KEY `id_cabang` (`id_cabang`)
) ENGINE=InnoDB DEFAULT CHARSET=latin1;

--
-- Dumping data untuk tabel `kirim_cabang`
--

INSERT INTO `kirim_cabang` (`no_nota`, `tgl_keluar`, `username`, `kode_cabang`, `total`, `jumlah`, `pengirim`, `id_cabang`) VALUES
('03', '2016-04-14', 'yuli', '2', 81987500, 4585, 'sobur', '6'),
('kc-20615042016124651', '2016-04-11', 'ratna', '2', 4479300, 1659, 'LESMAN', '6'),
('kc-25516042016085348', '2016-04-16', 'ratna', '2', 325000, 5, 'LESMAN', '6'),
('kc-35716042016084611', '2016-04-14', 'ratna', '2', 24645000, 590, 'LESMAN', '6'),
('kc-53616042016061539', '2016-04-14', 'yuli', '3', 71615000, 4619, 'riki', '6'),
('kc-63712042016105033', '2016-04-12', 'yuli', '3', 53817500, 2338, 'riki', '6'),
('kc-71314042016050454', '2016-04-14', 'yuli', '1', 14117000, 1020, 'ADIT', '6'),
('kc-89315042016112234', '2016-04-11', 'ratna', '2', 16656000, 1736, 'LESMAN', '6'),
('s01', '2016-04-14', 'yuli', '1', 90229000, 6587, 'munawar', '6'),
('Z2 2', '2016-04-14', 'yuli', '1', 108000, 40, 'ADIT', '6');

-- --------------------------------------------------------

--
-- Struktur dari tabel `kirim_cabang_detail`
--

CREATE TABLE IF NOT EXISTS `kirim_cabang_detail` (
  `id_detail` int(11) NOT NULL AUTO_INCREMENT,
  `kode` varchar(25) NOT NULL,
  `qty` int(11) NOT NULL,
  `no_nota` varchar(25) NOT NULL,
  `harga_modal` int(11) NOT NULL,
  PRIMARY KEY (`id_detail`),
  KEY `kode` (`kode`),
  KEY `no_nota` (`no_nota`)
) ENGINE=InnoDB  DEFAULT CHARSET=latin1 AUTO_INCREMENT=285 ;

--
-- Dumping data untuk tabel `kirim_cabang_detail`
--

INSERT INTO `kirim_cabang_detail` (`id_detail`, `kode`, `qty`, `no_nota`, `harga_modal`) VALUES
(1, 'ADV13', 80, 'kc-63712042016105033', 100000),
(2, 'ADV31', 132, 'kc-63712042016105033', 24000),
(3, 'ADV33', 10, 'kc-63712042016105033', 94000),
(4, 'ADV40', 23, 'kc-63712042016105033', 125000),
(5, 'ADV41', 20, 'kc-63712042016105033', 130000),
(6, 'ADV43', 9, 'kc-63712042016105033', 135000),
(7, 'ADV51', 6, 'kc-63712042016105033', 250000),
(8, 'ADV64', 30, 'kc-63712042016105033', 35000),
(9, 'ADV66', 30, 'kc-63712042016105033', 38000),
(10, 'ADV67', 20, 'kc-63712042016105033', 102000),
(11, 'ADV71', 37, 'kc-63712042016105033', 80000),
(12, 'ADV74', 8, 'kc-63712042016105033', 170000),
(13, 'ADV76', 6, 'kc-63712042016105033', 260000),
(14, 'ADV89', 60, 'kc-63712042016105033', 38000),
(15, 'ADV98', 150, 'kc-63712042016105033', 4000),
(16, 'ADV99', 349, 'kc-63712042016105033', 2500),
(17, 'ADV103', 31, 'kc-63712042016105033', 25000),
(18, 'ADV104', 90, 'kc-63712042016105033', 14000),
(19, 'ADV105', 400, 'kc-63712042016105033', 9500),
(20, 'ADV110', 7, 'kc-63712042016105033', 35000),
(21, 'ADV114', 400, 'kc-63712042016105033', 11000),
(22, 'ADV120', 200, 'kc-63712042016105033', 8000),
(23, 'ADV123', 190, 'kc-63712042016105033', 8300),
(24, 'ADV125', 50, 'kc-63712042016105033', 120000),
(25, 'A12', 110, 'kc-71314042016050454', 5000),
(26, 'ADV94', 200, 'kc-71314042016050454', 31000),
(27, 'A476', 100, 'kc-71314042016050454', 20200),
(28, 'A477', 100, 'kc-71314042016050454', 20200),
(29, 'A478', 100, 'kc-71314042016050454', 22200),
(30, 'U1', 20, 'kc-71314042016050454', 2700),
(31, 'U5', 20, 'kc-71314042016050454', 2700),
(32, 'U26', 20, 'kc-71314042016050454', 2700),
(33, 'U10', 20, 'kc-71314042016050454', 2700),
(34, 'U13', 20, 'kc-71314042016050454', 2700),
(35, 'U31', 20, 'kc-71314042016050454', 2700),
(36, 'U27', 20, 'kc-71314042016050454', 2700),
(37, 'U23', 20, 'kc-71314042016050454', 2700),
(38, 'U25', 20, 'kc-71314042016050454', 2700),
(39, 'U28', 20, 'kc-71314042016050454', 2700),
(40, 'U21', 20, 'kc-71314042016050454', 2700),
(41, 'U19', 20, 'kc-71314042016050454', 2700),
(42, 'U9', 20, 'kc-71314042016050454', 2700),
(43, 'U30', 20, 'kc-71314042016050454', 2700),
(44, 'U7', 20, 'kc-71314042016050454', 2700),
(45, 'U16', 20, 'kc-71314042016050454', 2700),
(46, 'U17', 20, 'kc-71314042016050454', 2700),
(47, 'U15', 20, 'kc-71314042016050454', 2700),
(48, 'U4', 30, 'kc-71314042016050454', 2700),
(49, 'U29', 20, 'kc-71314042016050454', 2700),
(50, 'U14', 20, 'Z2 2', 2700),
(51, 'U24', 20, 'Z2 2', 2700),
(52, 'A26', 500, 'kc-89315042016112234', 1000),
(53, 'A478', 170, 'kc-89315042016112234', 22200),
(54, 'A476', 100, 'kc-89315042016112234', 20200),
(55, 'A406', 20, 'kc-89315042016112234', 4500),
(56, 'A407', 10, 'kc-89315042016112234', 6500),
(57, 'ADV98', 718, 'kc-89315042016112234', 4000),
(58, 'ADV44', 1, 'kc-89315042016112234', 265000),
(59, 'A477', 200, 'kc-89315042016112234', 20200),
(60, 'ADV39', 5, 'kc-89315042016112234', 78000),
(61, 'ADV48', 12, 'kc-89315042016112234', 220000),
(62, 'U2', 100, 'kc-20615042016124651', 2700),
(63, 'U3', 100, 'kc-20615042016124651', 2700),
(64, 'U4', 50, 'kc-20615042016124651', 2700),
(65, 'U5', 30, 'kc-20615042016124651', 2700),
(66, 'U6', 30, 'kc-20615042016124651', 2700),
(67, 'U7', 100, 'kc-20615042016124651', 2700),
(68, 'UT', 100, 'kc-20615042016124651', 2700),
(69, 'U9', 90, 'kc-20615042016124651', 2700),
(70, 'U10', 20, 'kc-20615042016124651', 2700),
(71, 'U13', 80, 'kc-20615042016124651', 2700),
(72, 'U14', 80, 'kc-20615042016124651', 2700),
(73, 'U15', 100, 'kc-20615042016124651', 2700),
(74, 'U16', 100, 'kc-20615042016124651', 2700),
(75, 'U17', 50, 'kc-20615042016124651', 2700),
(76, 'U19', 50, 'kc-20615042016124651', 2700),
(77, 'U21', 50, 'kc-20615042016124651', 2700),
(78, 'U25', 30, 'kc-20615042016124651', 2700),
(79, 'U26', 30, 'kc-20615042016124651', 2700),
(80, 'U27', 30, 'kc-20615042016124651', 2700),
(81, 'U23', 30, 'kc-20615042016124651', 2700),
(82, 'U22', 160, 'kc-20615042016124651', 2700),
(83, 'U28', 30, 'kc-20615042016124651', 2700),
(84, 'U1', 30, 'kc-20615042016124651', 2700),
(85, 'U29', 40, 'kc-20615042016124651', 2700),
(86, 'U30', 50, 'kc-20615042016124651', 2700),
(87, 'U31', 30, 'kc-20615042016124651', 2700),
(88, 'U11', 30, 'kc-20615042016124651', 2700),
(89, 'U24', 39, 'kc-20615042016124651', 2700),
(90, 'ADV70', 8, '03', 130000),
(91, 'ADV30', 640, '03', 24000),
(92, 'ADV119', 600, '03', 16500),
(93, 'ADV104', 300, '03', 15000),
(94, 'ADV64', 60, '03', 35000),
(95, 'ADV03', 160, '03', 70000),
(96, 'ADV99', 297, '03', 2500),
(97, 'ADV98', 700, '03', 4000),
(98, 'ADV16', 60, '03', 168000),
(99, 'ADV01', 300, '03', 19000),
(100, 'A488', 200, '03', 6500),
(101, 'A478', 300, '03', 22200),
(102, 'A429', 200, '03', 5750),
(103, 'A430', 300, '03', 5750),
(104, 'A453', 100, '03', 9500),
(105, 'A456', 200, '03', 9500),
(106, 'A371', 100, '03', 35000),
(107, 'A32', 30, '03', 23000),
(108, 'A33', 30, '03', 23000),
(109, 'ADV43', 12, 'kc-53616042016061539', 135000),
(110, 'ADV48', 7, 'kc-53616042016061539', 220000),
(111, 'ADV05', 60, 'kc-53616042016061539', 78000),
(112, 'ADV123', 200, 'kc-53616042016061539', 8300),
(113, 'ADV105', 300, 'kc-53616042016061539', 9500),
(114, 'ADV93', 100, 'kc-53616042016061539', 2800),
(115, 'b 206', 100, 'kc-53616042016061539', 6000),
(116, 'ADV30', 240, 'kc-53616042016061539', 24000),
(117, 'ADV117', 50, 'kc-53616042016061539', 12500),
(118, 'ADV118', 50, 'kc-53616042016061539', 12500),
(119, 'ADV115', 50, 'kc-53616042016061539', 85000),
(120, 'H12', 8, 'kc-53616042016061539', 140000),
(121, 'ADV75', 8, 'kc-53616042016061539', 185000),
(122, 'ADV38', 30, 'kc-53616042016061539', 70000),
(123, 'ADV119', 300, 'kc-53616042016061539', 16500),
(124, 'ADV52', 4, 'kc-53616042016061539', 295000),
(125, 'ADV33', 10, 'kc-53616042016061539', 94000),
(126, 'ADV01', 150, 'kc-53616042016061539', 19000),
(127, 'A456', 100, 'kc-53616042016061539', 9500),
(128, 'A453', 100, 'kc-53616042016061539', 9500),
(129, 'A33', 30, 'kc-53616042016061539', 23000),
(130, 'A430', 50, 'kc-53616042016061539', 5750),
(131, 'A477', 100, 'kc-53616042016061539', 20200),
(132, 'A478', 200, 'kc-53616042016061539', 22200),
(133, 'A429', 50, 'kc-53616042016061539', 5750),
(134, 'A486', 700, 'kc-53616042016061539', 2000),
(135, 'A48', 10, 'kc-53616042016061539', 23000),
(136, 'A36', 10, 'kc-53616042016061539', 23000),
(137, 'A58', 10, 'kc-53616042016061539', 35000),
(138, 'A53', 10, 'kc-53616042016061539', 23000),
(139, 'A34', 10, 'kc-53616042016061539', 23000),
(140, 'A67', 10, 'kc-53616042016061539', 23000),
(141, 'A72', 10, 'kc-53616042016061539', 23000),
(142, 'A80', 10, 'kc-53616042016061539', 85000),
(143, 'A77', 10, 'kc-53616042016061539', 60000),
(144, 'A81', 10, 'kc-53616042016061539', 85000),
(145, 'A76', 10, 'kc-53616042016061539', 40000),
(146, 'A148', 10, 'kc-53616042016061539', 45000),
(147, 'A95', 10, 'kc-53616042016061539', 35000),
(148, 'A415', 100, 'kc-53616042016061539', 7500),
(149, 'A32', 30, 'kc-53616042016061539', 23000),
(150, 'A403', 200, 'kc-53616042016061539', 2500),
(151, 'A419', 100, 'kc-53616042016061539', 8500),
(152, 'A12', 200, 'kc-53616042016061539', 4750),
(153, 'A411', 200, 'kc-53616042016061539', 3500),
(154, 'A483', 100, 'kc-53616042016061539', 34000),
(155, 'A484', 100, 'kc-53616042016061539', 48000),
(156, 'A05', 100, 'kc-53616042016061539', 6750),
(157, 'A487', 100, 'kc-53616042016061539', 5750),
(158, 'A400', 30, 'kc-53616042016061539', 10000),
(159, 'A450', 10, 'kc-53616042016061539', 8000),
(160, 'A451', 10, 'kc-53616042016061539', 8000),
(161, 'A14', 200, 'kc-53616042016061539', 9500),
(162, 'ADV03', 180, 's01', 70000),
(163, 'ADV120', 200, 's01', 8000),
(164, 'ADV01', 300, 's01', 19000),
(165, 'ADV98', 800, 's01', 4000),
(166, 'ADV105', 100, 's01', 9500),
(167, 'ADV30', 240, 's01', 24000),
(168, 'ADV119', 200, 's01', 16500),
(169, 'ADV99', 350, 's01', 2500),
(170, 'ADV106', 100, 's01', 20000),
(171, 'ADV43', 24, 's01', 135000),
(172, 'H12', 8, 's01', 140000),
(173, 'ADV75', 8, 's01', 185000),
(174, 'ADV33', 30, 's01', 94000),
(175, 'ADV46', 4, 's01', 175000),
(176, 'ADV104', 200, 's01', 15000),
(177, 'ADV118', 100, 's01', 12500),
(178, 'ADV115', 50, 's01', 85000),
(179, 'ADV117', 50, 's01', 12500),
(180, 'ES10', 100, 's01', 55000),
(181, 'A05', 200, 's01', 6750),
(182, 'A06', 100, 's01', 6750),
(183, 'A488', 200, 's01', 6500),
(184, 'A458', 20, 's01', 12000),
(185, 'A459', 20, 's01', 12000),
(186, 'A470', 50, 's01', 13000),
(187, 'A456', 200, 's01', 9500),
(188, 'A485', 100, 's01', 6800),
(189, 'A486', 300, 's01', 2000),
(190, 'A453', 100, 's01', 9500),
(191, 'A403', 500, 's01', 2500),
(192, 'A430', 300, 's01', 5750),
(193, 'A12', 300, 's01', 4750),
(194, 'A415', 300, 's01', 7500),
(195, 'A368', 50, 's01', 35000),
(196, 'A371', 50, 's01', 35000),
(197, 'A429', 200, 's01', 5750),
(198, 'BA', 10, 's01', 40000),
(199, 'A33', 30, 's01', 23000),
(200, 'A32', 50, 's01', 23000),
(201, 'ADV16', 13, 's01', 168000),
(202, 'A411', 200, 's01', 3500),
(203, 'A476', 40, 's01', 20200),
(204, 'A477', 110, 's01', 20200),
(205, 'A478', 100, 's01', 22200),
(206, 'A33', 30, 'kc-35716042016084611', 23000),
(207, 'A179', 5, 'kc-35716042016084611', 50000),
(208, 'A115', 5, 'kc-35716042016084611', 65000),
(209, 'A117', 5, 'kc-35716042016084611', 65000),
(210, 'A32', 20, 'kc-35716042016084611', 23000),
(211, 'A112', 5, 'kc-35716042016084611', 65000),
(212, 'A190', 5, 'kc-35716042016084611', 50000),
(213, 'A153', 10, 'kc-35716042016084611', 45000),
(214, 'A116', 5, 'kc-35716042016084611', 65000),
(215, 'A133', 5, 'kc-35716042016084611', 65000),
(216, 'A113', 10, 'kc-35716042016084611', 65000),
(217, 'A132', 5, 'kc-35716042016084611', 65000),
(218, 'A152', 5, 'kc-35716042016084611', 45000),
(219, 'A111', 5, 'kc-35716042016084611', 65000),
(220, 'A99', 5, 'kc-35716042016084611', 40000),
(221, 'A157', 10, 'kc-35716042016084611', 45000),
(222, 'A154', 10, 'kc-35716042016084611', 45000),
(223, 'A155', 10, 'kc-35716042016084611', 45000),
(224, 'A158', 10, 'kc-35716042016084611', 45000),
(225, 'A93', 5, 'kc-35716042016084611', 30000),
(226, 'A97', 5, 'kc-35716042016084611', 35000),
(227, 'A90', 10, 'kc-35716042016084611', 30000),
(228, 'A88', 10, 'kc-35716042016084611', 30000),
(229, 'A105', 5, 'kc-35716042016084611', 50000),
(230, 'A108', 5, 'kc-35716042016084611', 50000),
(231, 'A92', 10, 'kc-35716042016084611', 30000),
(232, 'A63', 5, 'kc-35716042016084611', 23000),
(233, 'A49', 5, 'kc-35716042016084611', 23000),
(234, 'A96', 5, 'kc-35716042016084611', 35000),
(235, 'A81', 10, 'kc-35716042016084611', 85000),
(236, 'A34', 10, 'kc-35716042016084611', 23000),
(237, 'A47', 5, 'kc-35716042016084611', 23000),
(238, 'A98', 5, 'kc-35716042016084611', 35000),
(239, 'A56', 10, 'kc-35716042016084611', 23000),
(240, 'A180', 5, 'kc-35716042016084611', 50000),
(241, 'A177', 5, 'kc-35716042016084611', 50000),
(242, 'A174', 5, 'kc-35716042016084611', 50000),
(243, 'A171', 5, 'kc-35716042016084611', 50000),
(244, 'A181', 5, 'kc-35716042016084611', 50000),
(245, 'A169', 5, 'kc-35716042016084611', 50000),
(246, 'A176', 5, 'kc-35716042016084611', 50000),
(247, 'A172', 5, 'kc-35716042016084611', 50000),
(248, 'A178', 5, 'kc-35716042016084611', 50000),
(249, 'A167', 10, 'kc-35716042016084611', 50000),
(250, 'BT O', 5, 'kc-35716042016084611', 50000),
(251, 'A193', 5, 'kc-35716042016084611', 50000),
(252, 'A36', 10, 'kc-35716042016084611', 23000),
(253, 'A194', 5, 'kc-35716042016084611', 50000),
(254, 'A57', 10, 'kc-35716042016084611', 35000),
(255, 'A80', 10, 'kc-35716042016084611', 85000),
(256, 'A72', 5, 'kc-35716042016084611', 23000),
(257, 'A184', 5, 'kc-35716042016084611', 50000),
(258, 'A187', 5, 'kc-35716042016084611', 50000),
(259, 'A186', 5, 'kc-35716042016084611', 50000),
(260, 'A196', 10, 'kc-35716042016084611', 50000),
(261, 'A148', 10, 'kc-35716042016084611', 45000),
(262, 'A53', 5, 'kc-35716042016084611', 23000),
(263, 'A52', 5, 'kc-35716042016084611', 23000),
(264, 'A50', 5, 'kc-35716042016084611', 23000),
(265, 'A77', 5, 'kc-35716042016084611', 60000),
(266, 'A76', 10, 'kc-35716042016084611', 40000),
(267, 'A67', 10, 'kc-35716042016084611', 23000),
(268, 'A46', 5, 'kc-35716042016084611', 23000),
(269, 'A48', 5, 'kc-35716042016084611', 23000),
(270, 'A54', 5, 'kc-35716042016084611', 23000),
(271, 'A95', 15, 'kc-35716042016084611', 35000),
(272, 'A91', 5, 'kc-35716042016084611', 30000),
(273, 'A109', 5, 'kc-35716042016084611', 65000),
(274, 'A87', 5, 'kc-35716042016084611', 30000),
(275, 'A101', 5, 'kc-35716042016084611', 40000),
(276, 'A107', 5, 'kc-35716042016084611', 50000),
(277, 'A59', 5, 'kc-35716042016084611', 35000),
(278, 'A75', 10, 'kc-35716042016084611', 30000),
(279, 'A189', 5, 'kc-35716042016084611', 50000),
(280, 'A100', 50, 'kc-35716042016084611', 40000),
(281, 'A61', 5, 'kc-35716042016084611', 35000),
(282, 'A207', 5, 'kc-35716042016084611', 80000),
(283, 'A205', 5, 'kc-35716042016084611', 80000),
(284, 'J01', 5, 'kc-25516042016085348', 65000);

-- --------------------------------------------------------

--
-- Struktur dari tabel `pantura`
--

CREATE TABLE IF NOT EXISTS `pantura` (
  `no_nota` varchar(25) NOT NULL,
  `tgl_keluar` date NOT NULL,
  `username` varchar(25) NOT NULL,
  `nama_pantura` varchar(25) NOT NULL,
  `total` int(11) NOT NULL,
  `jumlah` int(11) NOT NULL,
  PRIMARY KEY (`no_nota`),
  KEY `username` (`username`)
) ENGINE=InnoDB DEFAULT CHARSET=latin1;

-- --------------------------------------------------------

--
-- Struktur dari tabel `pantura_detail`
--

CREATE TABLE IF NOT EXISTS `pantura_detail` (
  `id_detail` int(11) NOT NULL AUTO_INCREMENT,
  `no_nota` varchar(25) NOT NULL,
  `kode` varchar(25) NOT NULL,
  `qty` int(11) NOT NULL,
  `harga` int(11) NOT NULL,
  `harga_modal` int(11) NOT NULL,
  PRIMARY KEY (`id_detail`),
  KEY `no_nota` (`no_nota`),
  KEY `kode` (`kode`)
) ENGINE=InnoDB DEFAULT CHARSET=latin1 AUTO_INCREMENT=1 ;

-- --------------------------------------------------------

--
-- Struktur dari tabel `return_barang_masuk`
--

CREATE TABLE IF NOT EXISTS `return_barang_masuk` (
  `no_nota` varchar(25) NOT NULL,
  `tgl_return` date NOT NULL,
  `kode_suplier` varchar(25) DEFAULT NULL,
  `username` varchar(25) NOT NULL,
  `jumlah` int(11) NOT NULL,
  PRIMARY KEY (`no_nota`),
  KEY `id_suplier` (`kode_suplier`),
  KEY `username` (`username`)
) ENGINE=InnoDB DEFAULT CHARSET=latin1;

-- --------------------------------------------------------

--
-- Struktur dari tabel `return_barang_masuk_detail`
--

CREATE TABLE IF NOT EXISTS `return_barang_masuk_detail` (
  `id_detail` int(11) NOT NULL AUTO_INCREMENT,
  `no_nota` varchar(25) NOT NULL,
  `kode` varchar(25) NOT NULL,
  `qty` int(11) NOT NULL,
  PRIMARY KEY (`id_detail`),
  KEY `no_nota` (`no_nota`),
  KEY `kode` (`kode`)
) ENGINE=InnoDB DEFAULT CHARSET=latin1 AUTO_INCREMENT=1 ;

-- --------------------------------------------------------

--
-- Struktur dari tabel `return_ecer`
--

CREATE TABLE IF NOT EXISTS `return_ecer` (
  `no_nota` varchar(25) NOT NULL,
  `tgl_return` date NOT NULL,
  `username` varchar(25) NOT NULL,
  `total` int(11) NOT NULL,
  `jumlah` int(11) NOT NULL,
  `no_nota_ecer` varchar(25) NOT NULL,
  PRIMARY KEY (`no_nota`),
  KEY `username` (`username`),
  KEY `no_nota_ecer` (`no_nota_ecer`)
) ENGINE=InnoDB DEFAULT CHARSET=latin1;

-- --------------------------------------------------------

--
-- Struktur dari tabel `return_ecer_detail`
--

CREATE TABLE IF NOT EXISTS `return_ecer_detail` (
  `id_detail` int(11) NOT NULL AUTO_INCREMENT,
  `no_nota` varchar(25) NOT NULL,
  `kode` varchar(25) NOT NULL,
  `qty` int(11) NOT NULL,
  `harga_modal` int(11) NOT NULL,
  `harga` int(11) NOT NULL,
  PRIMARY KEY (`id_detail`),
  KEY `no_nota` (`no_nota`),
  KEY `kode` (`kode`)
) ENGINE=InnoDB DEFAULT CHARSET=latin1 AUTO_INCREMENT=1 ;

-- --------------------------------------------------------

--
-- Struktur dari tabel `return_grosir`
--

CREATE TABLE IF NOT EXISTS `return_grosir` (
  `no_nota` varchar(25) NOT NULL,
  `tgl_return` date NOT NULL,
  `username` varchar(25) NOT NULL,
  `no_nota_grosir` varchar(25) NOT NULL,
  `total` int(11) NOT NULL,
  `jumlah` int(11) NOT NULL,
  `id_cabang` varchar(25) NOT NULL,
  PRIMARY KEY (`no_nota`),
  KEY `username` (`username`),
  KEY `no_nota_grosir` (`no_nota_grosir`),
  KEY `id_cabang` (`id_cabang`)
) ENGINE=InnoDB DEFAULT CHARSET=latin1;

-- --------------------------------------------------------

--
-- Struktur dari tabel `return_grosir_detail`
--

CREATE TABLE IF NOT EXISTS `return_grosir_detail` (
  `id_detail` int(11) NOT NULL AUTO_INCREMENT,
  `no_nota` varchar(25) NOT NULL,
  `kode` varchar(25) NOT NULL,
  `qty` int(11) NOT NULL,
  `harga` int(11) NOT NULL,
  `harga_modal` int(11) NOT NULL,
  `qty_tukar` int(11) NOT NULL,
  PRIMARY KEY (`id_detail`),
  KEY `no_nota` (`no_nota`),
  KEY `kode` (`kode`)
) ENGINE=InnoDB DEFAULT CHARSET=latin1 AUTO_INCREMENT=1 ;

-- --------------------------------------------------------

--
-- Struktur dari tabel `return_kirim_cabang`
--

CREATE TABLE IF NOT EXISTS `return_kirim_cabang` (
  `no_nota` varchar(25) NOT NULL,
  `tgl_return` date NOT NULL,
  `username` varchar(25) NOT NULL,
  `kode_cabang` varchar(25) NOT NULL,
  `jumlah` int(11) NOT NULL,
  `total` int(11) NOT NULL,
  `id_cabang` varchar(25) DEFAULT NULL,
  PRIMARY KEY (`no_nota`),
  KEY `username` (`username`),
  KEY `id_cabang` (`id_cabang`)
) ENGINE=InnoDB DEFAULT CHARSET=latin1;

-- --------------------------------------------------------

--
-- Struktur dari tabel `return_kirim_cabang_detail`
--

CREATE TABLE IF NOT EXISTS `return_kirim_cabang_detail` (
  `id_detail` int(11) NOT NULL AUTO_INCREMENT,
  `no_nota` varchar(25) NOT NULL,
  `kode` varchar(25) NOT NULL,
  `qty` int(11) NOT NULL,
  `harga_modal` int(11) NOT NULL,
  PRIMARY KEY (`id_detail`),
  KEY `no_nota` (`no_nota`),
  KEY `kode` (`kode`)
) ENGINE=InnoDB DEFAULT CHARSET=latin1 AUTO_INCREMENT=1 ;

-- --------------------------------------------------------

--
-- Struktur dari tabel `return_pantura`
--

CREATE TABLE IF NOT EXISTS `return_pantura` (
  `no_nota` varchar(25) NOT NULL,
  `tgl_return` date NOT NULL,
  `username` varchar(25) NOT NULL,
  `total` int(11) NOT NULL,
  `jumlah` int(11) NOT NULL,
  `no_nota_pantura` varchar(25) NOT NULL,
  PRIMARY KEY (`no_nota`),
  KEY `username` (`username`),
  KEY `no_nota_pantura` (`no_nota_pantura`)
) ENGINE=InnoDB DEFAULT CHARSET=latin1;

-- --------------------------------------------------------

--
-- Struktur dari tabel `return_pantura_detail`
--

CREATE TABLE IF NOT EXISTS `return_pantura_detail` (
  `id_detail` int(11) NOT NULL AUTO_INCREMENT,
  `no_nota` varchar(25) NOT NULL,
  `kode` varchar(25) NOT NULL,
  `qty` int(11) NOT NULL,
  `harga_modal` int(11) NOT NULL,
  PRIMARY KEY (`id_detail`),
  KEY `no_nota` (`no_nota`),
  KEY `kode` (`kode`)
) ENGINE=InnoDB DEFAULT CHARSET=latin1 AUTO_INCREMENT=1 ;

-- --------------------------------------------------------

--
-- Struktur dari tabel `saldo_rusak`
--

CREATE TABLE IF NOT EXISTS `saldo_rusak` (
  `id` int(11) NOT NULL AUTO_INCREMENT,
  `kode` varchar(25) NOT NULL,
  `saldo` int(11) NOT NULL,
  `id_cabang` varchar(25) NOT NULL,
  `tanggal` datetime NOT NULL,
  PRIMARY KEY (`id`)
) ENGINE=InnoDB DEFAULT CHARSET=latin1 AUTO_INCREMENT=1 ;

-- --------------------------------------------------------

--
-- Struktur dari tabel `sales`
--

CREATE TABLE IF NOT EXISTS `sales` (
  `kode_sales` varchar(25) NOT NULL,
  `nama_sales` varchar(50) NOT NULL,
  `alamat` varchar(255) NOT NULL,
  `no_tlp` varchar(15) NOT NULL,
  `pin_bb` varchar(10) NOT NULL,
  `id_cabang` varchar(25) DEFAULT NULL,
  PRIMARY KEY (`kode_sales`),
  KEY `id_cabang` (`id_cabang`)
) ENGINE=InnoDB DEFAULT CHARSET=latin1;

--
-- Dumping data untuk tabel `sales`
--

INSERT INTO `sales` (`kode_sales`, `nama_sales`, `alamat`, `no_tlp`, `pin_bb`, `id_cabang`) VALUES
('0041', 'damar cell', '-', '-', '-', '3'),
('0222222', 'ADIJAYA', 'KARTOSURO', '087835224689', '265C01D1', '1'),
('02222322', 'MAS TRI', 'GAWOK', '85329977900', '5E3660A8', '1'),
('1', 'Arka', 'TEMANGGUNG', '6.29E+11', '2B231AFD', '6'),
('10', 'NR', 'BANGAK', '-', '76752ED4', '1'),
('11', 'SAMI', 'GRANDMALL', '8112657770', '7A19C67B', '1'),
('12', 'PIO', 'SRAGEN', '82137573505', '551A96C5', '1'),
('13', 'DAVID PRO CELL', 'BOYOLALI', '81902802172', '24C9437D', '1'),
('14', 'NANANG', 'NOGOSARI', '85702333327', '-', '1'),
('15', 'ERPIN', 'KARTASURA', '_', '2B427FDO', '1'),
('2', 'Yongki', 'SEMARANG', '', '5BEF11D8', '6'),
('3', 'PAK UDIN', 'NOGOSARI', '81548753114', '-', '1'),
('4', 'SARNO', 'SUKOHARJO', '89671447788', '266E1B78', '1'),
('5', 'AHIN', 'BOYOLALI', '8973960960', '5E0D9653', '1'),
('6', 'KIRANA', 'BEKONANG', '82242957992', '5ADB6AAB', '1'),
('7', 'SUGIK', 'KLATEN', '85725606111', '-', '1'),
('8', 'KABEB', 'KEMUSU', '81399184644', '5B9B1037', '1'),
('9', 'BIKHOIR', 'TIPES', '-', '7C824303', '1'),
('EZ', 'EZZY CELL', '-', '-', '-', '3'),
('G 0001', 'WE CELL', '-', '-', '-', '6'),
('G 0002', 'OKI', '-', '-', '-', '6'),
('G 0003', 'HERRY', '-', '-', '', '6'),
('G 0004', 'MULYADI', '-', '-', '', '6'),
('G 0005', 'JURAGAN MMC', '-', '-', '', '6'),
('G 0006', 'ASWANTO', '-', '-', '', '6'),
('G 0007', 'PAK SODIK (USTAD)', '-', '-', '', '6'),
('G 0008', 'HANAN', '-', '-', '', '6'),
('IB', 'IBAT CELL', '-', '-', '-', '3'),
('jj', 'JJ CELL', '-', '-', '-', '3'),
('KODE', 'NAMA', 'ALAMAT', 'TELEPON ', 'PIN BB', '3'),
('P01', '57', 'PEKALONGAN', '_', '_', '3'),
('P02', '55 PHONE', '', '_', '_', '3'),
('P03', 'AFFA CELL', '', '_', '_', '3'),
('P04', 'AFNI FAMILY', '', '_', '_', '3'),
('P05', 'AGGA CELL', '', '_', '_', '3'),
('P06', 'AIZZ CELL', '', '_', '_', '3'),
('P07', 'AK CELL', 'KAJEN', '_', '_', '3'),
('P08', 'AL AZHAR CELL', '', '_', '_', '3'),
('P09', 'AL SHOP', 'BATANG', '_', '_', '3'),
('P10', 'ALEXIO CELL', '', '_', '_', '3'),
('P100', 'VIKA CELL', '-', '-', '-', '3'),
('P11', 'ALI CELL', '', '_', '_', '3'),
('P12', 'ANISA PHONE', 'BATANG', '_', '_', '3'),
('P13', 'ANUGRAH CELL', 'SEMARANG', '_', '_', '3'),
('P14', 'ARIF PANJANG', '', '_', '_', '3'),
('P15', 'AYU CELL', 'TULIS KANDEMAN', '_', '_', '3'),
('P16', 'AZZALEA CELL', '', '_', '_', '3'),
('P17', 'BAFESH CELL', '', '_', '_', '3'),
('P18', 'BAGUS CELL', '', '_', '_', '3'),
('P19', 'BAKSO CELL', '', '_', '_', '3'),
('P20', 'BARAMES', 'BANJAR NEGARA', '_', '_', '3'),
('P21', 'BAROS CELL', '', '_', '_', '3'),
('P22', 'BBC ', '', '_', '_', '3'),
('P23', 'BENGKEL CELL', '', '_', '_', '3'),
('P24', 'BERKAH CELL', '', '_', '_', '3'),
('P25', 'BIGEN', 'BATANG', '_', '_', '3'),
('P26', 'CONAN CELL', '', '_', '_', '3'),
('P27', 'DEVI CELL', 'BATANG', '_', '_', '3'),
('P28', 'DEWI CELL', 'WARUNG ASEM', '_', '_', '3'),
('P29', 'DEYNA CELL', '', '_', '_', '3'),
('P30', 'DIMAS CELL', '', '_', '_', '3'),
('P31', 'DJ 9', 'BATUR', '_', '_', '3'),
('P32', 'DOKTER PHONE', '', '_', '_', '3'),
('P33', 'EGGI CELL', '', '_', '_', '3'),
('P34', 'EKO CELL', '', '_', '_', '3'),
('P35', 'FAJAR PHONE', '', '_', '_', '3'),
('P36', 'FIAN PANJANG', '', '_', '_', '3'),
('P37', 'FIP CELL', 'WONOTUNGGAL', '_', '_', '3'),
('P38', 'FITZAN CELL', '', '_', '_', '3'),
('P39', 'FUAD CELL', '', '_', '_', '3'),
('P40', 'GLOBAL CELL ', 'SRAGI', '_', '_', '3'),
('P41', 'GS CELL', '', '_', '_', '3'),
('P42', 'HAFIDZH CELL', '', '_', '_', '3'),
('P43', 'HALTE CELL', 'SUBAH', '_', '_', '3'),
('P44', 'HANI CELL', '', '_', '_', '3'),
('P45', 'HARDIAN', '', '_', '_', '3'),
('P46', 'HAVEY CELL', '', '_', '_', '3'),
('P47', 'IBNU CELL', '', '_', '_', '3'),
('P48', 'ITS ME', 'BATANG', '_', '_', '3'),
('P49', 'JADI MULYA CELL', '', '_', '_', '3'),
('P50', 'JOWITINI CELL', 'KARANGANYAR', '_', '_', '3'),
('P51', 'KEYZA CELL', 'PECALUNGAN', '_', '_', '3'),
('P52', 'KLASIK CELL', '', '_', '_', '3'),
('P53', 'KOBER CELL', 'NDORO', '_', '_', '3'),
('P54', 'LIBRA CELL', '', '_', '_', '3'),
('P55', 'LILIK', '', '_', '_', '3'),
('P56', 'LYLA CELL', '', '_', '_', '3'),
('P57', 'MAN CELL', '', '_', '_', '3'),
('P58', 'MANISE ', '', '_', '_', '3'),
('P59', 'MARS CELL', '', '_', '_', '3'),
('P60', 'MELLY CELL', 'PANJANG', '_', '_', '3'),
('P61', 'MILAN CELL', '', '_', '_', '3'),
('P62', 'MITRA SEJATI', 'BANDAR', '_', '_', '3'),
('P63', 'NADA CELL', '', '_', '_', '3'),
('P64', 'NAJWA CELL', 'BANDAR', '_', '_', '3'),
('P65', 'NAKITA CELL', '', '_', '_', '3'),
('P66', 'NASA CELL', '', '_', '_', '3'),
('P67', 'NAUFAL CELL', '', '_', '_', '3'),
('P68', 'NEGO CELL', '', '_', '_', '3'),
('P69', 'NOVAN CELL', 'SUBAH', '_', '_', '3'),
('P70', 'NUSANTARA CELL', 'SUBAH', '_', '_', '3'),
('P71', 'OM JAY', '', '_', '_', '3'),
('P72', 'OMAH CELL', '', '_', '_', '3'),
('P73', 'PADEPOKAN CELL', 'ROWOPUCANG', '_', '_', '3'),
('P74', 'PAPINKA', '', '_', '_', '3'),
('P75', 'PLASMA', 'BANJARNEGARA', '_', '_', '3'),
('P76', 'POINT PLUS 5758', 'BAWANG', '_', '_', '3'),
('P77', 'RAYYAN CELL', '', '_', '_', '3'),
('P78', 'RENA CELL', '', '_', '_', '3'),
('P79', 'REZQY CELL', 'BOJONG', '_', '_', '3'),
('P80', 'RIZ-Q CELL', '', '_', '_', '3'),
('P81', 'RONI', '', '_', '_', '3'),
('P82', 'SALAM CELL', '', '_', '_', '3'),
('P83', 'SARACHI CELL', '', '_', '_', '3'),
('P84', 'SATRIA CELL', '', '_', '_', '3'),
('P85', 'SEMANGU CELL', '', '_', '_', '3'),
('P86', 'SMS SELLULAR', '', '_', '_', '3'),
('P87', 'SNAZZY CELL', 'BATANG', '_', '_', '3'),
('P88', 'SONIC PHONE', '', '_', '_', '3'),
('P89', 'STATION CELL', '', '_', '_', '3'),
('P90', 'SUMBER BERKAH CELL', '', '_', '_', '3'),
('P91', 'TERRA', 'PEKALONGAN', '_', '_', '3'),
('P92', 'UTAMA CELL', '', '_', '_', '3'),
('P93', 'WINDI CELL', '', '_', '_', '3'),
('P94', 'ZIGMA CELL', 'BATANG', '_', '_', '3'),
('P95', 'BEJO CELL', 'BUARAN', '_', '_', '3'),
('P96', 'ACEP CELL', '', '_', '_', '3'),
('P97', 'ANOM BERSAMA JAYA', '', '_', '_', '3'),
('P98', 'ETHERNA CELL', '', '_', '_', '3'),
('P99', 'VARIO CELL', '-', '-', '-', '3'),
('SJ 1', 'VISION', '-', '-', '-', '2'),
('SJ 10', 'AHON', '-', '-', '-', '2'),
('SJ 11', 'MARCOPOLO', '-', '-', '-', '2'),
('SJ 12', 'ALMA COM', '-', '-', '-', '2'),
('SJ 13', 'FARI CELL', '-', '-', '-', '2'),
('SJ 14', 'DEDI JAYA', '-', '-', '-', '2'),
('SJ 15', 'RADIT CELL', '-', '-', '-', '2'),
('SJ 16', 'ANIMO', '-', '-', '-', '2'),
('SJ 17', 'SETYA PHONE', '-', '-', '-', '2'),
('SJ 2', 'CENTRAL', '-', '-', '-', '2'),
('SJ 20', 'MAS WILLI', '-', '-', '-', '2'),
('SJ 21', 'MAS TONO', '-', '-', '-', '2'),
('SJ 22', 'ACC 8 GADGET + ANTO', '-', '-', '-', '2'),
('SJ 23', 'MAS ALY', '-', '-', '-', '2'),
('SJ 24', 'DERMOT', '-', '-', '-', '2'),
('SJ 25', 'TOM TOM', '-', '-', '-', '2'),
('SJ 26', 'PAK YUDI', '-', '-', '-', '2'),
('SJ 27', 'RASEM', '-', '-', '-', '2'),
('SJ 28', ' CINTIA', '-', '-', '-', '2'),
('SJ 29', 'RIFAN', '-', '-', '-', '2'),
('SJ 3', 'EKA CELL', '-', '-', '', '2'),
('SJ 30', 'ULY', '-', '-', '-', '2'),
('SJ 4', 'YD CELL', '-', '-', '-', '2'),
('SJ 5', 'HARCO', '-', '-', '-', '2'),
('SJ 6', 'OASIS', '-', '-', '-', '2'),
('SJ 7', 'AMONG', '-', '-', '-', '2'),
('SJ 8', 'KHAFI', '-', '-', '-', '2'),
('SJ 9', 'MURIA', '-', '-', '-', '2');

-- --------------------------------------------------------

--
-- Struktur dari tabel `suplier`
--

CREATE TABLE IF NOT EXISTS `suplier` (
  `kode_suplier` varchar(25) NOT NULL,
  `nama_suplier` varchar(50) NOT NULL,
  `alamat` text NOT NULL,
  `no_tlp` varchar(15) NOT NULL,
  PRIMARY KEY (`kode_suplier`)
) ENGINE=InnoDB DEFAULT CHARSET=latin1;

--
-- Dumping data untuk tabel `suplier`
--

INSERT INTO `suplier` (`kode_suplier`, `nama_suplier`, `alamat`, `no_tlp`) VALUES
('1', 'ITC ROXY MAS', ' BLOK C1 NO 6 JAKARTA', '81376867676'),
('2', 'ADVANCE PT MAJU BERSAMA', '', ''),
('3', 'BESSELING', 'JL. KARANG INGGAS RT 3/ RW 16 MUKTI HARJO KIDUL SEMARANG', '02470046423'),
('ADMAT', 'ADMAT', '-', '-'),
('PAK NUR', 'PAK NUR', '-', '-'),
('S 1', 'CLARITY', 'JL. PEDURUNGAN KIDUL V RT/RW 5/2 (GANG BUNTU) KEL. GEMAH, KEC. PEDURUNGAN SEMARANG 50192', '0'),
('S04', 'CV BUDI RAHARJA', '-', '-'),
('SSMG', 'Semarang Accessories', 'jl. semarang', '0987688'),
('YGS21', 'Yogyakarta Agencys', 'jl. yogyas', '09877667');

--
-- Ketidakleluasaan untuk tabel pelimpahan (Dumped Tables)
--

--
-- Ketidakleluasaan untuk tabel `barang_masuk`
--
ALTER TABLE `barang_masuk`
  ADD CONSTRAINT `barang_masuk_ibfk_1` FOREIGN KEY (`username`) REFERENCES `karyawan` (`username`) ON UPDATE CASCADE,
  ADD CONSTRAINT `barang_masuk_ibfk_2` FOREIGN KEY (`kode_suplier`) REFERENCES `suplier` (`kode_suplier`) ON UPDATE CASCADE;

--
-- Ketidakleluasaan untuk tabel `barang_masuk_detail`
--
ALTER TABLE `barang_masuk_detail`
  ADD CONSTRAINT `barang_masuk_detail_ibfk_1` FOREIGN KEY (`kode`) REFERENCES `barang` (`kode`) ON UPDATE CASCADE,
  ADD CONSTRAINT `barang_masuk_detail_ibfk_2` FOREIGN KEY (`no_nota`) REFERENCES `barang_masuk` (`no_nota`) ON DELETE CASCADE ON UPDATE CASCADE;

--
-- Ketidakleluasaan untuk tabel `ecer`
--
ALTER TABLE `ecer`
  ADD CONSTRAINT `ecer_ibfk_1` FOREIGN KEY (`username`) REFERENCES `karyawan` (`username`) ON UPDATE CASCADE,
  ADD CONSTRAINT `ecer_ibfk_2` FOREIGN KEY (`id_cabang`) REFERENCES `cabang` (`kode_cabang`) ON UPDATE CASCADE;

--
-- Ketidakleluasaan untuk tabel `ecer_detail`
--
ALTER TABLE `ecer_detail`
  ADD CONSTRAINT `ecer_detail_ibfk_1` FOREIGN KEY (`no_nota`) REFERENCES `ecer` (`no_nota`) ON DELETE CASCADE ON UPDATE CASCADE,
  ADD CONSTRAINT `ecer_detail_ibfk_2` FOREIGN KEY (`kode`) REFERENCES `barang` (`kode`) ON UPDATE CASCADE;

--
-- Ketidakleluasaan untuk tabel `grosir`
--
ALTER TABLE `grosir`
  ADD CONSTRAINT `grosir_ibfk_1` FOREIGN KEY (`username`) REFERENCES `karyawan` (`username`) ON UPDATE CASCADE,
  ADD CONSTRAINT `grosir_ibfk_2` FOREIGN KEY (`kode_sales`) REFERENCES `sales` (`kode_sales`) ON UPDATE CASCADE,
  ADD CONSTRAINT `grosir_ibfk_3` FOREIGN KEY (`id_cabang`) REFERENCES `cabang` (`kode_cabang`) ON UPDATE CASCADE;

--
-- Ketidakleluasaan untuk tabel `grosir_detail`
--
ALTER TABLE `grosir_detail`
  ADD CONSTRAINT `grosir_detail_ibfk_1` FOREIGN KEY (`no_nota`) REFERENCES `grosir` (`no_nota`) ON DELETE CASCADE ON UPDATE CASCADE,
  ADD CONSTRAINT `grosir_detail_ibfk_2` FOREIGN KEY (`kode`) REFERENCES `barang` (`kode`) ON UPDATE CASCADE;

--
-- Ketidakleluasaan untuk tabel `history_harga`
--
ALTER TABLE `history_harga`
  ADD CONSTRAINT `history_harga_ibfk_1` FOREIGN KEY (`kode`) REFERENCES `barang` (`kode`) ON DELETE CASCADE ON UPDATE CASCADE;

--
-- Ketidakleluasaan untuk tabel `history_pembayaran_grosir`
--
ALTER TABLE `history_pembayaran_grosir`
  ADD CONSTRAINT `history_pembayaran_grosir_ibfk_1` FOREIGN KEY (`no_nota`) REFERENCES `grosir` (`no_nota`) ON DELETE CASCADE ON UPDATE CASCADE;

--
-- Ketidakleluasaan untuk tabel `history_pembayaran_suplier`
--
ALTER TABLE `history_pembayaran_suplier`
  ADD CONSTRAINT `history_pembayaran_suplier_ibfk_1` FOREIGN KEY (`no_nota`) REFERENCES `barang_masuk` (`no_nota`) ON DELETE CASCADE ON UPDATE CASCADE;

--
-- Ketidakleluasaan untuk tabel `history_saldo`
--
ALTER TABLE `history_saldo`
  ADD CONSTRAINT `history_saldo_ibfk_1` FOREIGN KEY (`kode`) REFERENCES `barang` (`kode`) ON DELETE CASCADE ON UPDATE CASCADE,
  ADD CONSTRAINT `history_saldo_ibfk_2` FOREIGN KEY (`id_cabang`) REFERENCES `cabang` (`kode_cabang`) ON DELETE CASCADE ON UPDATE CASCADE;

--
-- Ketidakleluasaan untuk tabel `karyawan`
--
ALTER TABLE `karyawan`
  ADD CONSTRAINT `karyawan_ibfk_1` FOREIGN KEY (`id_cabang`) REFERENCES `cabang` (`kode_cabang`) ON UPDATE CASCADE;

--
-- Ketidakleluasaan untuk tabel `kirim_cabang`
--
ALTER TABLE `kirim_cabang`
  ADD CONSTRAINT `kirim_cabang_ibfk_1` FOREIGN KEY (`username`) REFERENCES `karyawan` (`username`) ON UPDATE CASCADE,
  ADD CONSTRAINT `kirim_cabang_ibfk_2` FOREIGN KEY (`kode_cabang`) REFERENCES `cabang` (`kode_cabang`) ON UPDATE CASCADE,
  ADD CONSTRAINT `kirim_cabang_ibfk_3` FOREIGN KEY (`id_cabang`) REFERENCES `cabang` (`kode_cabang`) ON UPDATE CASCADE;

--
-- Ketidakleluasaan untuk tabel `kirim_cabang_detail`
--
ALTER TABLE `kirim_cabang_detail`
  ADD CONSTRAINT `kirim_cabang_detail_ibfk_1` FOREIGN KEY (`kode`) REFERENCES `barang` (`kode`) ON UPDATE CASCADE,
  ADD CONSTRAINT `kirim_cabang_detail_ibfk_2` FOREIGN KEY (`no_nota`) REFERENCES `kirim_cabang` (`no_nota`) ON DELETE CASCADE ON UPDATE CASCADE;

--
-- Ketidakleluasaan untuk tabel `pantura`
--
ALTER TABLE `pantura`
  ADD CONSTRAINT `pantura_ibfk_1` FOREIGN KEY (`username`) REFERENCES `karyawan` (`username`) ON UPDATE CASCADE;

--
-- Ketidakleluasaan untuk tabel `pantura_detail`
--
ALTER TABLE `pantura_detail`
  ADD CONSTRAINT `pantura_detail_ibfk_1` FOREIGN KEY (`no_nota`) REFERENCES `pantura` (`no_nota`) ON DELETE CASCADE ON UPDATE CASCADE,
  ADD CONSTRAINT `pantura_detail_ibfk_2` FOREIGN KEY (`kode`) REFERENCES `barang` (`kode`) ON UPDATE CASCADE;

--
-- Ketidakleluasaan untuk tabel `return_barang_masuk`
--
ALTER TABLE `return_barang_masuk`
  ADD CONSTRAINT `return_barang_masuk_ibfk_1` FOREIGN KEY (`kode_suplier`) REFERENCES `suplier` (`kode_suplier`) ON UPDATE CASCADE,
  ADD CONSTRAINT `return_barang_masuk_ibfk_2` FOREIGN KEY (`username`) REFERENCES `karyawan` (`username`) ON UPDATE CASCADE;

--
-- Ketidakleluasaan untuk tabel `return_barang_masuk_detail`
--
ALTER TABLE `return_barang_masuk_detail`
  ADD CONSTRAINT `return_barang_masuk_detail_ibfk_1` FOREIGN KEY (`no_nota`) REFERENCES `return_barang_masuk` (`no_nota`) ON DELETE CASCADE ON UPDATE CASCADE,
  ADD CONSTRAINT `return_barang_masuk_detail_ibfk_2` FOREIGN KEY (`kode`) REFERENCES `barang` (`kode`) ON UPDATE CASCADE;

--
-- Ketidakleluasaan untuk tabel `return_ecer`
--
ALTER TABLE `return_ecer`
  ADD CONSTRAINT `return_ecer_ibfk_1` FOREIGN KEY (`username`) REFERENCES `karyawan` (`username`) ON UPDATE CASCADE,
  ADD CONSTRAINT `return_ecer_ibfk_2` FOREIGN KEY (`no_nota_ecer`) REFERENCES `ecer` (`no_nota`) ON DELETE CASCADE ON UPDATE CASCADE;

--
-- Ketidakleluasaan untuk tabel `return_ecer_detail`
--
ALTER TABLE `return_ecer_detail`
  ADD CONSTRAINT `return_ecer_detail_ibfk_1` FOREIGN KEY (`no_nota`) REFERENCES `return_ecer` (`no_nota`) ON DELETE CASCADE ON UPDATE CASCADE,
  ADD CONSTRAINT `return_ecer_detail_ibfk_2` FOREIGN KEY (`kode`) REFERENCES `barang` (`kode`) ON UPDATE CASCADE;

--
-- Ketidakleluasaan untuk tabel `return_grosir`
--
ALTER TABLE `return_grosir`
  ADD CONSTRAINT `return_grosir_ibfk_1` FOREIGN KEY (`username`) REFERENCES `karyawan` (`username`) ON UPDATE CASCADE,
  ADD CONSTRAINT `return_grosir_ibfk_2` FOREIGN KEY (`no_nota_grosir`) REFERENCES `grosir` (`no_nota`) ON DELETE CASCADE ON UPDATE CASCADE,
  ADD CONSTRAINT `return_grosir_ibfk_3` FOREIGN KEY (`id_cabang`) REFERENCES `cabang` (`kode_cabang`) ON UPDATE CASCADE;

--
-- Ketidakleluasaan untuk tabel `return_grosir_detail`
--
ALTER TABLE `return_grosir_detail`
  ADD CONSTRAINT `return_grosir_detail_ibfk_1` FOREIGN KEY (`no_nota`) REFERENCES `return_grosir` (`no_nota`) ON DELETE CASCADE ON UPDATE CASCADE,
  ADD CONSTRAINT `return_grosir_detail_ibfk_2` FOREIGN KEY (`kode`) REFERENCES `barang` (`kode`) ON UPDATE CASCADE;

--
-- Ketidakleluasaan untuk tabel `return_kirim_cabang`
--
ALTER TABLE `return_kirim_cabang`
  ADD CONSTRAINT `return_kirim_cabang_ibfk_1` FOREIGN KEY (`username`) REFERENCES `karyawan` (`username`) ON UPDATE CASCADE,
  ADD CONSTRAINT `return_kirim_cabang_ibfk_2` FOREIGN KEY (`id_cabang`) REFERENCES `cabang` (`kode_cabang`) ON UPDATE CASCADE;

--
-- Ketidakleluasaan untuk tabel `return_kirim_cabang_detail`
--
ALTER TABLE `return_kirim_cabang_detail`
  ADD CONSTRAINT `return_kirim_cabang_detail_ibfk_1` FOREIGN KEY (`no_nota`) REFERENCES `return_kirim_cabang` (`no_nota`) ON DELETE CASCADE ON UPDATE CASCADE,
  ADD CONSTRAINT `return_kirim_cabang_detail_ibfk_2` FOREIGN KEY (`kode`) REFERENCES `barang` (`kode`) ON UPDATE CASCADE;

--
-- Ketidakleluasaan untuk tabel `return_pantura`
--
ALTER TABLE `return_pantura`
  ADD CONSTRAINT `return_pantura_ibfk_1` FOREIGN KEY (`username`) REFERENCES `karyawan` (`username`) ON UPDATE CASCADE,
  ADD CONSTRAINT `return_pantura_ibfk_2` FOREIGN KEY (`no_nota_pantura`) REFERENCES `pantura` (`no_nota`) ON DELETE CASCADE ON UPDATE CASCADE;

--
-- Ketidakleluasaan untuk tabel `return_pantura_detail`
--
ALTER TABLE `return_pantura_detail`
  ADD CONSTRAINT `return_pantura_detail_ibfk_1` FOREIGN KEY (`no_nota`) REFERENCES `return_pantura` (`no_nota`) ON DELETE CASCADE ON UPDATE CASCADE,
  ADD CONSTRAINT `return_pantura_detail_ibfk_2` FOREIGN KEY (`kode`) REFERENCES `barang` (`kode`) ON UPDATE CASCADE;

--
-- Ketidakleluasaan untuk tabel `sales`
--
ALTER TABLE `sales`
  ADD CONSTRAINT `sales_ibfk_1` FOREIGN KEY (`id_cabang`) REFERENCES `cabang` (`kode_cabang`) ON UPDATE CASCADE;

/*!40101 SET CHARACTER_SET_CLIENT=@OLD_CHARACTER_SET_CLIENT */;
/*!40101 SET CHARACTER_SET_RESULTS=@OLD_CHARACTER_SET_RESULTS */;
/*!40101 SET COLLATION_CONNECTION=@OLD_COLLATION_CONNECTION */;
